,Neighborhood,Neighborhood Latitude,Neighborhood Longitude,VenueID,Venue,Venue Latitude,Venue Longitude,Venue CatID,Venue Category,Venue Score
1000,PINANGSIA,-6.13587558181818,106.813454563636,4e16607881dcdf54e7f860c5,A&W,-6.137909290652332,106.81476831436157,4bf58dd8d48988d16e941735,Fast Food Restaurant,5.6
1001,PINANGSIA,-6.13587558181818,106.813454563636,4ba6f3ddf964a520907939e3,Toshiba Service Center,-6.133728616861624,106.80980105260824,4bf58dd8d48988d122951735,Electronics Store,0.0
1002,GLODOK,-6.14471436944733,106.811672819841,4dfc3866227185f38b943c19,Bakmie Loncat  ba*lont,-6.143433,106.81316,4bf58dd8d48988d1d1941735,Noodle House,7.9
1003,GLODOK,-6.14471436944733,106.811672819841,4d46b2121ed56dcb8726c854,Bakmi Aheng Kemurniaan,-6.145609655464754,106.81267495829799,4bf58dd8d48988d145941735,Chinese Restaurant,7.6
1004,GLODOK,-6.14471436944733,106.811672819841,56d11a02498ea69d398cf648,Pantjoran Tea House,-6.142463273763752,106.81469230587861,4bf58dd8d48988d1dc931735,Tea Room,8.6
1005,GLODOK,-6.14471436944733,106.811672819841,4be89be6c5220f47fdfaa9ca,Bakmi Akwet,-6.143014,106.811806,4bf58dd8d48988d1d1941735,Noodle House,7.4
1006,GLODOK,-6.14471436944733,106.811672819841,53deea8b498e7218e932fdce,The Packer Lodge,-6.146129590484352,106.81505440015165,4bf58dd8d48988d1ee931735,Hostel,8.2
1007,GLODOK,-6.14471436944733,106.811672819841,4ca2d639750ca0931de81367,Kuo Tieh Santong 68,-6.141242697529374,106.81269037527461,4bf58dd8d48988d108941735,Dumpling Restaurant,8.1
1008,GLODOK,-6.14471436944733,106.811672819841,4bd24d5ba8b3a5938fb2675f,Kopi Es Tak Kie,-6.141266595043537,106.81359320891191,4bf58dd8d48988d1e0931735,Coffee Shop,8.3
1009,GLODOK,-6.14471436944733,106.811672819841,4fb5b7eae4b06b6245277f09,Bakmie Ahong,-6.142949407192351,106.8105583803916,4bf58dd8d48988d1d1941735,Noodle House,7.3
1010,GLODOK,-6.14471436944733,106.811672819841,4bb5fdc646d4a5937687c5c0,Little Sheep Chinese Shabu Shabu,-6.14779088928196,106.81455058395606,4bf58dd8d48988d145941735,Chinese Restaurant,8.2
1011,GLODOK,-6.14471436944733,106.811672819841,4befdb9f70779521614b3e7c,Sekolah Ricci I,-6.143466205243485,106.8120935653401,4bf58dd8d48988d13b941735,School,7.0
1012,GLODOK,-6.14471436944733,106.811672819841,4d99d984942ba0935564a48c,Nasi goreng tek2 agus,-6.145558,106.812355,4bf58dd8d48988d1cb941735,Food Truck,7.0
1013,GLODOK,-6.14471436944733,106.811672819841,4bfa52288d30d13a9d650318,Foodcourt Chandra,-6.141962625964543,106.81236162687826,4bf58dd8d48988d120951735,Food Court,7.2
1014,GLODOK,-6.14471436944733,106.811672819841,4cab30a45a1e952176e68dce,Warteg Gang Mangga,-6.146272056179781,106.81473965696985,4deefc054765f83613cdba6f,Indonesian Restaurant,7.3
1015,GLODOK,-6.14471436944733,106.811672819841,4be105a6ea6e20a1dcf09267,Bakmie Gang Mangga (Doyok),-6.1460794793787485,106.8145039935721,4bf58dd8d48988d1d1941735,Noodle House,7.1
1016,GLODOK,-6.14471436944733,106.811672819841,4b9ef6dbf964a520360d37e3,Petak Sembilan,-6.141910645001793,106.81370096585898,4bf58dd8d48988d1ff941735,Miscellaneous Shop,7.1
1017,GLODOK,-6.14471436944733,106.811672819841,4f8d8292e4b08f9379b14674,Kwetiau Sapi 'AKHIANG 79',-6.14590368662884,106.81575876853842,4bf58dd8d48988d142941735,Asian Restaurant,7.3
1018,GLODOK,-6.14471436944733,106.811672819841,4db2854aec8e39a18856a8cd,Pancoran,-6.141466837305854,106.8126669703618,4bf58dd8d48988d1f6941735,Department Store,7.0
1019,GLODOK,-6.14471436944733,106.811672819841,4d8f0f77d265236ad24d1817,Diamond club and karaoke,-6.146504057740225,106.81551302199634,4bf58dd8d48988d120941735,Karaoke Bar,7.2
1020,GLODOK,-6.14471436944733,106.811672819841,4c01cdd3cebfef3b7a4e97fd,Bakmi Amoy,-6.14137221720067,106.81362347591816,4bf58dd8d48988d145941735,Chinese Restaurant,7.0
1021,GLODOK,-6.14471436944733,106.811672819841,4c9dc9a0542b224bf967ed9f,Pempek EIRIN 10 ULU,-6.140681925714828,106.81202107657192,4bf58dd8d48988d1d0941735,Dessert Shop,6.9
1022,GLODOK,-6.14471436944733,106.811672819841,4c9ab932db10b60c1d7b956d,Asemka Pusat Perdagangan,-6.140469788628699,106.81184579112796,4bf58dd8d48988d102951735,Accessories Store,7.0
1023,GLODOK,-6.14471436944733,106.811672819841,52f70a8d11d2bdab77b62b51,Lao Hoe,-6.1420980192498345,106.81295503063323,4deefc054765f83613cdba6f,Indonesian Restaurant,6.5
1024,GLODOK,-6.14471436944733,106.811672819841,50bc8199e4b01dc9b236c4cd,Nasi Ayam Hainam APOLLO,-6.144212309966612,106.81526799852301,4bf58dd8d48988d145941735,Chinese Restaurant,6.5
1025,GLODOK,-6.14471436944733,106.811672819841,4ed08468e5faa5ec02f6a111,Bubur Singkawang Akhun,-6.148014124291497,106.81090404952575,4bf58dd8d48988d142941735,Asian Restaurant,0.0
1026,KEAGUNGAN,-6.1506835,106.816081125,4b5dba9ff964a520cf6829e3,Bakso Akiaw 99,-6.14981266381681,106.81761118048166,4bf58dd8d48988d1d1941735,Noodle House,8.5
1027,KEAGUNGAN,-6.1506835,106.816081125,4bf7d284508c0f477a063e31,Suisse Bakery,-6.150889534106983,106.81716201131093,4bf58dd8d48988d16a941735,Bakery,8.5
1028,KEAGUNGAN,-6.1506835,106.816081125,55856536498ee5700fa22f57,Hotel Santika Premiere Hayam Wuruk Jakarta,-6.149321315548054,106.81730194168522,4bf58dd8d48988d1fa931735,Hotel,8.3
1029,KEAGUNGAN,-6.1506835,106.816081125,5014db82e4b0e28d9988c989,Grand Lucky SuperStore,-6.151607474141219,106.81685540295115,52f2ab2ebcbc57f1066b8b46,Supermarket,8.2
1030,KEAGUNGAN,-6.1506835,106.816081125,4c50df80bd0995218ddf585e,Starbucks,-6.152058994305883,106.81736228790477,4bf58dd8d48988d1e0931735,Coffee Shop,8.2
1031,KEAGUNGAN,-6.1506835,106.816081125,4f251e3ae4b012e02fd740c0,Sinar Lestari,-6.148956155279519,106.816760708017,4bf58dd8d48988d145941735,Chinese Restaurant,8.1
1032,KEAGUNGAN,-6.1506835,106.816081125,4e674132aeb7e985aaa54d6c,Ratna Ballet School,-6.1511974,106.81651,4bf58dd8d48988d134941735,Dance Studio,8.0
1033,KEAGUNGAN,-6.1506835,106.816081125,544ce3eb498e876372a02d82,SONG FA bak kut teh 肉骨苶,-6.147667308842061,106.816358065016,4bf58dd8d48988d142941735,Asian Restaurant,8.9
1034,KEAGUNGAN,-6.1506835,106.816081125,4c31d77066e40f47e685c58b,RM Sinar Lestari,-6.149074753407857,106.81685540295115,4bf58dd8d48988d145941735,Chinese Restaurant,7.6
1035,KEAGUNGAN,-6.1506835,106.816081125,4cbd31354352a1cd496da2f5,Imperial Chef,-6.147684462787572,106.81648921659192,4bf58dd8d48988d145941735,Chinese Restaurant,8.2
1036,KEAGUNGAN,-6.1506835,106.816081125,4c0cf9223561ef3b5e8dda2d,Henis,-6.149795335862209,106.81786005826292,4bf58dd8d48988d16a941735,Bakery,7.6
1037,KEAGUNGAN,-6.1506835,106.816081125,4e259a89d164b6b74afc539a,ILLIGALS Hotel & Club,-6.151878236609397,106.81789820225508,4bf58dd8d48988d1d5941735,Hotel Bar,7.7
1038,KEAGUNGAN,-6.1506835,106.816081125,4b89612cf964a520903032e3,Kam Seng 金城,-6.14824396744688,106.81854211194454,4bf58dd8d48988d145941735,Chinese Restaurant,8.4
1039,KEAGUNGAN,-6.1506835,106.816081125,4bb5fdc646d4a5937687c5c0,Little Sheep Chinese Shabu Shabu,-6.14779088928196,106.81455058395606,4bf58dd8d48988d145941735,Chinese Restaurant,8.2
1040,KEAGUNGAN,-6.1506835,106.816081125,4e3b54f92271d21e86dac540,Bubur Aguan,-6.148602754346078,106.81853394162988,4bf58dd8d48988d1dd931735,Soup Place,8.1
1041,KEAGUNGAN,-6.1506835,106.816081125,4c2ee48b7cc0c9b6c9e6ea9a,Nasi Gemuk Jambi,-6.147732,106.818383,4bf58dd8d48988d142941735,Asian Restaurant,8.3
1042,KEAGUNGAN,-6.1506835,106.816081125,4c064fd8761ac9b69bb52074,Mercure Jakarta Kota,-6.1492739669050795,106.8169994357172,4bf58dd8d48988d1fa931735,Hotel,7.3
1043,KEAGUNGAN,-6.1506835,106.816081125,4befc6811f17ef3b54af9bc8,Bubur Ayam Mangga Besar 1,-6.147397003699553,106.81840423457533,4bf58dd8d48988d145941735,Chinese Restaurant,8.5
1044,KEAGUNGAN,-6.1506835,106.816081125,4c2eed9366e40f476420c18b,Gedung Arsip Nasional,-6.153844583431089,106.81636734595504,4deefb944765f83613cdba6e,Historic Site,7.8
1045,KEAGUNGAN,-6.1506835,106.816081125,50231b27e4b03bca04c8cac1,Novotel Jakarta Gajah Mada,-6.147241652229924,106.81592783414199,4bf58dd8d48988d1fa931735,Hotel,7.9
1046,KEAGUNGAN,-6.1506835,106.816081125,4e3f922ae4cdab9b935eee01,Serba Food,-6.151611802673504,106.81667301213386,4bf58dd8d48988d1f5931735,Dim Sum Restaurant,7.2
1047,KEAGUNGAN,-6.1506835,106.816081125,4bc5c9550a30d13a4d725a9c,Hay Thien,-6.147954850138737,106.81849006219618,4bf58dd8d48988d145941735,Chinese Restaurant,8.0
1048,KEAGUNGAN,-6.1506835,106.816081125,4c721cda2b7fef3b54088c1d,Restaurant Garuda,-6.153765028458682,106.81795774845965,52960eda3cf9994f4e043ac5,Padangnese Restaurant,7.9
1049,KEAGUNGAN,-6.1506835,106.816081125,4ca492b2d7c33704145faa62,Hotel Grand Paragon,-6.15177397504457,106.8168979883194,4bf58dd8d48988d1fa931735,Hotel,7.2
1050,KEAGUNGAN,-6.1506835,106.816081125,4c064ce98f8fa5937508f30d,Gramedia,-6.154144191150932,106.81763318098054,4bf58dd8d48988d114951735,Bookstore,7.9
1051,KEAGUNGAN,-6.1506835,106.816081125,509328d1e4b0e52fa270dd0c,The Square,-6.147359742959548,106.81579610463814,4bf58dd8d48988d1c4941735,Restaurant,7.7
1052,KEAGUNGAN,-6.1506835,106.816081125,4ff2c959e4b07a2fa5c4731e,Kwetiau Akang,-6.150005,106.81773,4bf58dd8d48988d1d1941735,Noodle House,7.1
1053,KEAGUNGAN,-6.1506835,106.816081125,4c6fc62634443704c3ea215f,Hunan Kitchen (Hu Nan Xioa Chu),-6.146966482337078,106.81822578917523,4bf58dd8d48988d145941735,Chinese Restaurant,8.1
1054,KEAGUNGAN,-6.1506835,106.816081125,4c0e46dad64c0f477cdf275d,Ta Chia,-6.146923679377256,106.81772261877835,4bf58dd8d48988d145941735,Chinese Restaurant,7.9
1055,KEAGUNGAN,-6.1506835,106.816081125,4c5c44c094fd0f472c1fc845,Bakmi Cong Sim Athek Medan,-6.149787556689957,106.81809747918975,4bf58dd8d48988d1d1941735,Noodle House,7.1
1056,KEAGUNGAN,-6.1506835,106.816081125,4bfe870f4cf820a181fdedf4,R.M. Medan Pasar Rame,-6.149796909478665,106.81812796444805,4bf58dd8d48988d145941735,Chinese Restaurant,7.1
1057,KEAGUNGAN,-6.1506835,106.816081125,4c3c893f7f49c9b608fd6be3,Sop Kui Sen,-6.152139962281204,106.81733935341752,4bf58dd8d48988d142941735,Asian Restaurant,7.0
1058,KEAGUNGAN,-6.1506835,106.816081125,59ace8c1491be71596347dc7,Grand Paragon XXI,-6.151781207280908,106.81664389903462,4bf58dd8d48988d17f941735,Movie Theater,7.0
1059,KEAGUNGAN,-6.1506835,106.816081125,4bf7aa75bb5176b0f53e5bb2,KFC,-6.1533054559193054,106.81768511029,4bf58dd8d48988d16e941735,Fast Food Restaurant,7.3
1060,KEAGUNGAN,-6.1506835,106.816081125,5013ae77e4b0f1643319db13,Grand Paragon,-6.1518033094428475,106.81693017482756,4bf58dd8d48988d1fd941735,Shopping Mall,6.9
1061,KEAGUNGAN,-6.1506835,106.816081125,4bb9781eb35776b097f8c901,Kuetiaw Sapi Aciap,-6.149416219446371,106.82016484729046,4bf58dd8d48988d142941735,Asian Restaurant,7.7
1062,KEAGUNGAN,-6.1506835,106.816081125,4fb48fbbe4b00c720c5e61c8,Lawson,-6.149777127340064,106.81818186591295,4d954b0ea243a5684a65b473,Convenience Store,6.9
1063,KEAGUNGAN,-6.1506835,106.816081125,5786b76d498ef435b52dd485,Proquillid,-6.146613762527085,106.81676387786865,4bf58dd8d48988d112951735,Hardware Store,7.5
1064,KEAGUNGAN,-6.1506835,106.816081125,4c790d7a93ef236a281cae0f,Joni Steak,-6.1466605519756445,106.81597392442751,4bf58dd8d48988d1cc941735,Steakhouse,7.4
1065,KEAGUNGAN,-6.1506835,106.816081125,4cdf61907e2e236ab885851b,Top Yammie,-6.14684068667808,106.81786518891325,4bf58dd8d48988d1d1941735,Noodle House,7.4
1066,KEAGUNGAN,-6.1506835,106.816081125,554fa4aa498e552cc341ca96,Token Restaurant Green Central,-6.147465688140946,106.81532199983205,4bf58dd8d48988d1c4941735,Restaurant,7.1
1067,KEAGUNGAN,-6.1506835,106.816081125,5292fbba498eba71fc864f33,Kopi Oey,-6.147480991268182,106.81547224122717,4bf58dd8d48988d1e0931735,Coffee Shop,7.1
1068,KEAGUNGAN,-6.1506835,106.816081125,532c141f498e9514a7f0952e,Beer Market,-6.1494773319903375,106.8197706440441,4bf58dd8d48988d116941735,Bar,7.2
1069,KEAGUNGAN,-6.1506835,106.816081125,4c10f756f1b6a593cdad7c27,New Hometown Restaurant,-6.146951056172426,106.81784576435815,4bf58dd8d48988d145941735,Chinese Restaurant,7.2
1070,KEAGUNGAN,-6.1506835,106.816081125,4d8f0f77d265236ad24d1817,Diamond club and karaoke,-6.146504057740225,106.81551302199634,4bf58dd8d48988d120941735,Karaoke Bar,7.2
1071,KEAGUNGAN,-6.1506835,106.816081125,4ea4c1e68231f6dc6b020714,Hayam Wuruk Plaza,-6.1518514094328705,106.8177080782657,4bf58dd8d48988d130941735,Building,6.6
1072,KEAGUNGAN,-6.1506835,106.816081125,4d36ff0010248cfaa1a08acf,Kuo Tie Shan-Tung 77,-6.1537108558684075,106.81734511473097,4bf58dd8d48988d145941735,Chinese Restaurant,6.9
1073,KEAGUNGAN,-6.1506835,106.816081125,4c8b3e6152a98cfa4a6634e9,Kwetiauw Akang Medan,-6.149799511895065,106.817666436982,4bf58dd8d48988d142941735,Asian Restaurant,6.5
1074,KEAGUNGAN,-6.1506835,106.816081125,4bbf242c85fbb7130ea97167,Tahu Pong Semarang Jln Gajahmada,-6.154016609152784,106.81748914780975,4bf58dd8d48988d1cb941735,Food Truck,6.9
1075,KEAGUNGAN,-6.1506835,106.816081125,4f17e8a9e4b0cae4b46fb239,Anna Salon & Spa,-6.149165655837899,106.82029896844239,4bf58dd8d48988d110951735,Salon / Barbershop,7.1
1076,KEAGUNGAN,-6.1506835,106.816081125,4c9ace5580958cfa757a46d4,RM. Ayam Goreng Seleraku,-6.14953317775811,106.81939444503769,4bf58dd8d48988d142941735,Asian Restaurant,6.9
1077,KEAGUNGAN,-6.1506835,106.816081125,513230c6e4b0f53f8d3536a1,Sichuan Palace,-6.149219534851861,106.81611073227076,4bf58dd8d48988d145941735,Chinese Restaurant,6.5
1078,KEAGUNGAN,-6.1506835,106.816081125,4c6ca5d7d086952161ba08ea,Burger King,-6.152044119289968,106.81734483596594,4bf58dd8d48988d16e941735,Fast Food Restaurant,6.5
1079,KEAGUNGAN,-6.1506835,106.816081125,4bfb2419f214a593e7e0ae0e,Bakmi Khek,-6.147138593964354,106.81824523827618,4bf58dd8d48988d1d1941735,Noodle House,7.0
1080,KEAGUNGAN,-6.1506835,106.816081125,51aee33a498ee000af098b5f,Bak Kut Teh Djiba,-6.148298479050806,106.81846204566348,4bf58dd8d48988d145941735,Chinese Restaurant,6.7
1081,KEAGUNGAN,-6.1506835,106.816081125,4c5bae3685a1e21e2fc05411,Rumah Makan Aseng,-6.14978471992527,106.81810561044048,4bf58dd8d48988d145941735,Chinese Restaurant,6.4
1082,KEAGUNGAN,-6.1506835,106.816081125,50bb5f69e4b011c4a8c6fcde,Geylang Lor 9 Singapore Mangga Besar,-6.148480970700422,106.81850746431085,4bf58dd8d48988d142941735,Asian Restaurant,6.6
1083,KEAGUNGAN,-6.1506835,106.816081125,50a7136ce4b08df1a7e9739d,OldTown White Coffee,-6.1469581451303545,106.81830252860993,4bf58dd8d48988d1e0931735,Coffee Shop,6.8
1084,KEAGUNGAN,-6.1506835,106.816081125,4c2b6fb6197e9521babe628d,Club 36,-6.147144765873809,106.81682006351504,4bf58dd8d48988d120941735,Karaoke Bar,6.6
1085,KEAGUNGAN,-6.1506835,106.816081125,4f3701aae4b039c3c20f6f3f,Amaris Hotel,-6.149582930893009,106.81878241327996,4bf58dd8d48988d1fa931735,Hotel,6.4
1086,KEAGUNGAN,-6.1506835,106.816081125,4f35feace4b0aa62a0a70a0e,Fairy Garden Hotpot & Chinese Restaurant,-6.149518942253063,106.81960321483507,4bf58dd8d48988d145941735,Chinese Restaurant,6.5
1087,KEAGUNGAN,-6.1506835,106.816081125,4cb1a1f139458cfa42d90ca0,Sun City Grand Ballroom,-6.146793755289888,106.8165730989966,56aa371be4b08b9a8d5734cf,Ballroom,6.5
1088,KEAGUNGAN,-6.1506835,106.816081125,4c1303cf127f9521b39b2425,Sop Buntut Mangga Besar,-6.1479342741727265,106.818496087261,4bf58dd8d48988d1dd931735,Soup Place,6.3
1089,KEAGUNGAN,-6.1506835,106.816081125,4de85e9281dcbe67153b4a39,Hollywood Hotel,-6.151020411209573,106.82023019064168,4bf58dd8d48988d1fa931735,Hotel,6.4
1090,KEAGUNGAN,-6.1506835,106.816081125,4d84cda802eb548125ea35f5,Amaris Hotel Mangga Besar - Jakarta,-6.149385131839535,106.81968998469289,4bf58dd8d48988d1fa931735,Hotel,6.2
1091,KEAGUNGAN,-6.1506835,106.816081125,4ea79f2df5b917316fd9f901,Bakmi Kemurnian,-6.149613569950759,106.81964780317307,4bf58dd8d48988d1d1941735,Noodle House,6.1
1092,KEAGUNGAN,-6.1506835,106.816081125,4bcf10a1b6c49c74f1129891,Tamani Cafe,-6.154619849672182,106.81807390990821,4bf58dd8d48988d109941735,Eastern European Restaurant,6.2
1093,KEAGUNGAN,-6.1506835,106.816081125,51d028cf498e2c23072a6d5b,Gowagyu steak,-6.1498062424147,106.81859720363849,4bf58dd8d48988d1cc941735,Steakhouse,5.8
1094,KEAGUNGAN,-6.1506835,106.816081125,4cf4e46594feb1f7582f2aba,Super Suikiaw,-6.149677894758306,106.81786090135574,4bf58dd8d48988d145941735,Chinese Restaurant,5.7
1095,KEAGUNGAN,-6.1506835,106.816081125,4beace146295c9b693d88608,Bubur Hostes,-6.150882007692112,106.81789820225508,4bf58dd8d48988d145941735,Chinese Restaurant,5.6
1096,KEAGUNGAN,-6.1506835,106.816081125,52a40b0d498e5b1779a482ca,Orenchi Ramen,-6.14977929105348,106.8182682483408,55a59bace4b013909087cb24,Ramen Restaurant,5.6
1097,KRUKUT,-6.1561316,106.8185515,4ba88129f964a520abdd39e3,Bakmi GM,-6.154986170647095,106.81785260541413,4bf58dd8d48988d1d1941735,Noodle House,8.7
1098,KRUKUT,-6.1561316,106.8185515,4bbc9f638a4fb713fbe53b9d,Delicious Bakery,-6.157813242572672,106.81876371823505,4bf58dd8d48988d16a941735,Bakery,8.5
1099,KRUKUT,-6.1561316,106.8185515,555211cb498ee23625e654c0,Yoshinoya Japanese Restaurant,-6.15647635041943,106.81871250072186,4bf58dd8d48988d111941735,Japanese Restaurant,8.1
1100,KRUKUT,-6.1561316,106.8185515,4fd9eac3e4b0d5879e4c9931,Jong Ga Korea (Korean BBQ & Restaurant),-6.156905354978132,106.81900951423943,4bf58dd8d48988d113941735,Korean Restaurant,8.1
1101,KRUKUT,-6.1561316,106.8185515,4bdc40a43904a593f05a4d9e,Bakmi Lung Kee,-6.157368445260144,106.81863948097696,4bf58dd8d48988d1d1941735,Noodle House,8.0
1102,KRUKUT,-6.1561316,106.8185515,4c9ed9392fb1a143a7edee40,Gandy Steak House & Bakery,-6.156878245747026,106.8187765593042,4bf58dd8d48988d1cc941735,Steakhouse,7.8
1103,KRUKUT,-6.1561316,106.8185515,4c50285c2a73c9280b0105d2,Kwetiau Sapi Hayam Wuruk,-6.158009539883989,106.81878440215851,4bf58dd8d48988d145941735,Chinese Restaurant,7.8
1104,KRUKUT,-6.1561316,106.8185515,4c064ce98f8fa5937508f30d,Gramedia,-6.154144191150932,106.81763318098054,4bf58dd8d48988d114951735,Bookstore,7.9
1105,KRUKUT,-6.1561316,106.8185515,4c721cda2b7fef3b54088c1d,Restaurant Garuda,-6.153765028458682,106.81795774845965,52960eda3cf9994f4e043ac5,Padangnese Restaurant,7.9
1106,KRUKUT,-6.1561316,106.8185515,4f52286fe4b002a741ec9d2f,Bakmi Kadut Asli (sejak 1967),-6.1563072718968375,106.81835205192723,4bf58dd8d48988d1d1941735,Noodle House,7.6
1107,KRUKUT,-6.1561316,106.8185515,5110b0f8e4b0e83bc49f1901,Bakmi Gajah Mada Hayam Wuruk,-6.154964782662339,106.81789692196634,4bf58dd8d48988d142941735,Asian Restaurant,7.5
1108,KRUKUT,-6.1561316,106.8185515,52a4afee498ef8873ea86755,Colloseum Club,-6.154701538133277,106.82102086767435,4bf58dd8d48988d11f941735,Nightclub,7.8
1109,KRUKUT,-6.1561316,106.8185515,4c2eed9366e40f476420c18b,Gedung Arsip Nasional,-6.153844583431089,106.81636734595504,4deefb944765f83613cdba6e,Historic Site,7.8
1110,KRUKUT,-6.1561316,106.8185515,4c137c658aedd13ae0785137,Angke Restaurant & Ballrooms,-6.160057664841234,106.81684226413047,4bf58dd8d48988d145941735,Chinese Restaurant,8.6
1111,KRUKUT,-6.1561316,106.8185515,50170fcde4b04002a21c79fd,Grand Mercure Jakarta Harmoni,-6.160150428248451,106.8196266095086,4bf58dd8d48988d1fa931735,Hotel,8.2
1112,KRUKUT,-6.1561316,106.8185515,4c50df80bd0995218ddf585e,Starbucks,-6.152058994305883,106.81736228790477,4bf58dd8d48988d1e0931735,Coffee Shop,8.2
1113,KRUKUT,-6.1561316,106.8185515,58383729016217169f9c7d40,Fill Bellies Food & Beverange,-6.1571305,106.8183764,52e81612bcbc57f1066b79f1,Bistro,7.1
1114,KRUKUT,-6.1561316,106.8185515,4bed63213372c92814861114,Clover Bake Shoppe,-6.159044982709827,106.81908370302808,4bf58dd8d48988d16a941735,Bakery,7.4
1115,KRUKUT,-6.1561316,106.8185515,4bf7aa75bb5176b0f53e5bb2,KFC,-6.1533054559193054,106.81768511029,4bf58dd8d48988d16e941735,Fast Food Restaurant,7.3
1116,KRUKUT,-6.1561316,106.8185515,4c05018873a8c9b6b6c796e0,RM Padang Hidangan Baru,-6.156525577232239,106.81816347434602,4deefc054765f83613cdba6f,Indonesian Restaurant,7.0
1117,KRUKUT,-6.1561316,106.8185515,4ea7f04093adf18a204fcd6b,Yuyuantang Reflexology,-6.15654423007559,106.818231938572,52f2ab2ebcbc57f1066b8b3c,Massage Studio,7.0
1118,KRUKUT,-6.1561316,106.8185515,4b9134fcf964a52008aa33e3,Mie Ayam Blo'on,-6.1534388021483934,106.81995500838369,4bf58dd8d48988d1cb941735,Food Truck,7.2
1119,KRUKUT,-6.1561316,106.8185515,4e259a89d164b6b74afc539a,ILLIGALS Hotel & Club,-6.151878236609397,106.81789820225508,4bf58dd8d48988d1d5941735,Hotel Bar,7.7
1120,KRUKUT,-6.1561316,106.8185515,4e46a7b052b1bac0d9790bba,Bakmi Kadut Pertama Hayam Wuruk,-6.158309801979019,106.81876466970706,4bf58dd8d48988d1d1941735,Noodle House,6.9
1121,KRUKUT,-6.1561316,106.8185515,4beb82b8ca97d13a87a76c77,Bakmie Shang Hie,-6.157451013079738,106.8186105513767,4bf58dd8d48988d1d1941735,Noodle House,6.8
1122,KRUKUT,-6.1561316,106.8185515,526223a311d23ef7ecbfc58c,Empiremotoshop,-6.158251504240028,106.82152211666106,5032833091d4c4b30a586d60,Motorcycle Shop,7.3
1123,KRUKUT,-6.1561316,106.8185515,4bbf242c85fbb7130ea97167,Tahu Pong Semarang Jln Gajahmada,-6.154016609152784,106.81748914780975,4bf58dd8d48988d1cb941735,Food Truck,6.9
1124,KRUKUT,-6.1561316,106.8185515,4d45002a1911a0930f6eded8,Kwetiaw Jangkung JK Sapi & seafood,-6.156362403013349,106.81851377964843,4bf58dd8d48988d145941735,Chinese Restaurant,6.7
1125,KRUKUT,-6.1561316,106.8185515,4bfa78e94a67c928e94028cf,Lesehan Gudeg Jogja Malioboro,-6.154787735216322,106.81801342899332,4bf58dd8d48988d1cb941735,Food Truck,6.7
1126,KRUKUT,-6.1561316,106.8185515,50be14f8e4b02abe7fa115d3,Mie kangkung FAFA,-6.157742521227522,106.81878897051278,4bf58dd8d48988d147941735,Diner,6.7
1127,KRUKUT,-6.1561316,106.8185515,4d36ff0010248cfaa1a08acf,Kuo Tie Shan-Tung 77,-6.1537108558684075,106.81734511473097,4bf58dd8d48988d145941735,Chinese Restaurant,6.9
1128,KRUKUT,-6.1561316,106.8185515,4bc9d668fb84c9b697af1b3e,Bun Ong's Claypot,-6.156054080518293,106.81832174811191,4bf58dd8d48988d145941735,Chinese Restaurant,6.6
1129,KRUKUT,-6.1561316,106.8185515,51711265e4b02d982eb36c29,All Seasons Gajah Mada,-6.160048074014121,106.81793284248437,4bf58dd8d48988d1fa931735,Hotel,7.1
1130,KRUKUT,-6.1561316,106.8185515,4c3c893f7f49c9b608fd6be3,Sop Kui Sen,-6.152139962281204,106.81733935341752,4bf58dd8d48988d142941735,Asian Restaurant,7.0
1131,KRUKUT,-6.1561316,106.8185515,4c122c99b2510f475a1cc498,Kebun Jeruk IX,-6.154627264315864,106.82090133570014,4bf58dd8d48988d1e2931735,Art Gallery,6.6
1132,KRUKUT,-6.1561316,106.8185515,4fcb7f09e4b02fed0e6a759c,Kwetiaw Sapi Hayam Wuruk 61,-6.157864448950562,106.8187163133712,4bf58dd8d48988d145941735,Chinese Restaurant,6.3
1133,KRUKUT,-6.1561316,106.8185515,4bcf10a1b6c49c74f1129891,Tamani Cafe,-6.154619849672182,106.81807390990821,4bf58dd8d48988d109941735,Eastern European Restaurant,6.2
1134,KRUKUT,-6.1561316,106.8185515,4bf55e4ccad2c9283ef19c99,Kwetiau Jangkung,-6.15637355814276,106.81845513205367,4bf58dd8d48988d145941735,Chinese Restaurant,6.1
1135,KRUKUT,-6.1561316,106.8185515,4ea4c1e68231f6dc6b020714,Hayam Wuruk Plaza,-6.1518514094328705,106.8177080782657,4bf58dd8d48988d130941735,Building,6.6
1136,KRUKUT,-6.1561316,106.8185515,53ed9637498ee8e2fa599bb1,HOKI Klang Bak Kut Teh,-6.1574054,106.81829,4bf58dd8d48988d145941735,Chinese Restaurant,6.1
1137,KRUKUT,-6.1561316,106.8185515,4c14bd29a5eb76b0e52dc2b7,Nasi Ulam Kafe Betawi,-6.158511754331527,106.81920026782242,4bf58dd8d48988d1cb941735,Food Truck,6.2
1138,KRUKUT,-6.1561316,106.8185515,5139315de4b0e3f7560fd6cd,Indomaret,-6.1550061219790075,106.81780025957386,4d954b0ea243a5684a65b473,Convenience Store,6.1
1139,KRUKUT,-6.1561316,106.8185515,4bd251b0462cb713df35dc07,Bakmi Khek Pasar Sawah Besar,-6.159191024175772,106.82037943103634,4bf58dd8d48988d142941735,Asian Restaurant,6.4
1140,KRUKUT,-6.1561316,106.8185515,4c6ca5d7d086952161ba08ea,Burger King,-6.152044119289968,106.81734483596594,4bf58dd8d48988d16e941735,Fast Food Restaurant,6.5
1141,KRUKUT,-6.1561316,106.8185515,4bb81aa3cf2fc9b6074a9f02,Furama,-6.159119175408157,106.81909100224466,4bf58dd8d48988d145941735,Chinese Restaurant,6.2
1142,KRUKUT,-6.1561316,106.8185515,4bc9a2aa511f9521a4f9adc7,Warung Léko,-6.152137858879021,106.81734020983427,4deefc054765f83613cdba6f,Indonesian Restaurant,6.3
1143,KRUKUT,-6.1561316,106.8185515,4c284e549eb19521e87c2959,Dunkin' Donuts,-6.1605502214226195,106.81849122047424,4bf58dd8d48988d148941735,Donut Shop,6.3
1144,KRUKUT,-6.1561316,106.8185515,4cadec194f1c952159d5db21,Holland Bakery,-6.1561520747727165,106.81850314328749,4bf58dd8d48988d16a941735,Bakery,5.6
1145,KRUKUT,-6.1561316,106.8185515,532d8e9e498eaeabd2f12ad3,Bakmie Gg Mangga,-6.152508840535638,106.81712618462737,4bf58dd8d48988d1d1941735,Noodle House,6.1
1146,KRUKUT,-6.1561316,106.8185515,50051744e4b07528d88a2f9e,Gold's Gym Express,-6.160580768388549,106.81904046234943,4bf58dd8d48988d175941735,Gym / Fitness Center,6.0
1147,KRUKUT,-6.1561316,106.8185515,4becfb3a3372c928d1121114,Warung Muksin,-6.155251,106.816385,4bf58dd8d48988d1f9941735,Food & Drink Shop,0.0
1148,KRUKUT,-6.1561316,106.8185515,4bd4328b41b9ef3b9e8f01e6,Grand Ollimo,-6.153062020281018,106.81773751974106,4bf58dd8d48988d145941735,Chinese Restaurant,5.5
1149,TAMAN SARI,-6.1475907,106.822562214286,4bf7e96eb182c9b63d6d765a,KFC,-6.147844447600243,106.82376331795572,4bf58dd8d48988d16e941735,Fast Food Restaurant,7.9
1150,TAMAN SARI,-6.1475907,106.822562214286,4c26f20af3859c74457d6588,Tio Ciu 78,-6.148826581986638,106.82511150952261,4bf58dd8d48988d145941735,Chinese Restaurant,8.0
1151,TAMAN SARI,-6.1475907,106.822562214286,4bc5c5d46c26b7133db1ebf3,Kwetiaw Sapi 78 Mangga Besar,-6.14889293412637,106.82545423223245,4bf58dd8d48988d1d1941735,Noodle House,8.0
1152,TAMAN SARI,-6.1475907,106.822562214286,4c142a1ea9c220a11529579d,Bakmi Tan,-6.150410497562174,106.82303018989946,4bf58dd8d48988d1d1941735,Noodle House,7.7
1153,TAMAN SARI,-6.1475907,106.822562214286,4befc6811f17ef3b54af9bc8,Bubur Ayam Mangga Besar 1,-6.147397003699553,106.81840423457533,4bf58dd8d48988d145941735,Chinese Restaurant,8.5
1154,TAMAN SARI,-6.1475907,106.822562214286,4b89612cf964a520903032e3,Kam Seng 金城,-6.14824396744688,106.81854211194454,4bf58dd8d48988d145941735,Chinese Restaurant,8.4
1155,TAMAN SARI,-6.1475907,106.822562214286,4bb9781eb35776b097f8c901,Kuetiaw Sapi Aciap,-6.149416219446371,106.82016484729046,4bf58dd8d48988d142941735,Asian Restaurant,7.7
1156,TAMAN SARI,-6.1475907,106.822562214286,4e81a29eb8039438be45ce50,Lawton Coffee,-6.149081415434173,106.82438883536932,4bf58dd8d48988d16d941735,Café,7.4
1157,TAMAN SARI,-6.1475907,106.822562214286,4c2ee48b7cc0c9b6c9e6ea9a,Nasi Gemuk Jambi,-6.147732,106.818383,4bf58dd8d48988d142941735,Asian Restaurant,8.3
1158,TAMAN SARI,-6.1475907,106.822562214286,4f11a2cbe4b0380202d9632f,Malioboro night club,-6.14734589915942,106.82295095000941,4bf58dd8d48988d11f941735,Nightclub,7.2
1159,TAMAN SARI,-6.1475907,106.822562214286,4c03b4ff310fc9b66036c661,GOR Lokasari,-6.146748062260198,106.82300862229432,4bf58dd8d48988d1e1941735,Basketball Court,7.1
1160,TAMAN SARI,-6.1475907,106.822562214286,4e3b54f92271d21e86dac540,Bubur Aguan,-6.148602754346078,106.81853394162988,4bf58dd8d48988d1dd931735,Soup Place,8.1
1161,TAMAN SARI,-6.1475907,106.822562214286,51e4e3cc498efd152dc89fc0,The Harvest - Patissier & Chocolatier,-6.148451539264337,106.82627533945326,4bf58dd8d48988d1d0941735,Dessert Shop,7.9
1162,TAMAN SARI,-6.1475907,106.822562214286,4bc5c9550a30d13a4d725a9c,Hay Thien,-6.147954850138737,106.81849006219618,4bf58dd8d48988d145941735,Chinese Restaurant,8.0
1163,TAMAN SARI,-6.1475907,106.822562214286,4f4eff0fe4b08cc4b6de410c,Lac Mei Che 辣妹子,-6.14629671959832,106.81825166499044,4bf58dd8d48988d145941735,Chinese Restaurant,8.2
1164,TAMAN SARI,-6.1475907,106.822562214286,4c6fc62634443704c3ea215f,Hunan Kitchen (Hu Nan Xioa Chu),-6.146966482337078,106.81822578917523,4bf58dd8d48988d145941735,Chinese Restaurant,8.1
1165,TAMAN SARI,-6.1475907,106.822562214286,4d1c74304ff98cfa987fbb3e,Baso Afung Lokasari,-6.147206176969237,106.82364808828851,4deefc054765f83613cdba6f,Indonesian Restaurant,7.0
1166,TAMAN SARI,-6.1475907,106.822562214286,4c139de082a3c9b613b4fbf8,Dunkin' Donuts,-6.148800476396857,106.82692008717827,4bf58dd8d48988d148941735,Donut Shop,8.0
1167,TAMAN SARI,-6.1475907,106.822562214286,50570361e4b0e7ceb7e9b162,Warung Nasi Tim BARU,-6.149430675509307,106.82129194242995,4bf58dd8d48988d145941735,Chinese Restaurant,7.1
1168,TAMAN SARI,-6.1475907,106.822562214286,4bc70d6014d795218f9c66e9,Bakmi Ahau 38,-6.149370513060492,106.82114426180893,4bf58dd8d48988d1d1941735,Noodle House,7.0
1169,TAMAN SARI,-6.1475907,106.822562214286,4f17e8a9e4b0cae4b46fb239,Anna Salon & Spa,-6.149165655837899,106.82029896844239,4bf58dd8d48988d110951735,Salon / Barbershop,7.1
1170,TAMAN SARI,-6.1475907,106.822562214286,4d6912200a25b60c78db1f90,Lalapan Babeh,-6.149847584912658,106.82531316278097,4bf58dd8d48988d1cb941735,Food Truck,7.4
1171,TAMAN SARI,-6.1475907,106.822562214286,4c050b383846b713275bd7a3,Hoka Hoka Bento,-6.148361393817511,106.82439777360696,4bf58dd8d48988d111941735,Japanese Restaurant,6.9
1172,TAMAN SARI,-6.1475907,106.822562214286,4ba74030f964a520ed8739e3,Tahu Pong,-6.148780211063133,106.8256530929935,4bf58dd8d48988d1cb941735,Food Truck,7.2
1173,TAMAN SARI,-6.1475907,106.822562214286,4c680bdc1c91a5930ef1ee07,Bakmi Kepiting 78 Mangga Besar,-6.148960945929133,106.8254324194466,4bf58dd8d48988d1d1941735,Noodle House,7.2
1174,TAMAN SARI,-6.1475907,106.822562214286,4ce5cdd10f196dcbba6833ae,Bakmie Atham,-6.148797755372321,106.82482810522482,4bf58dd8d48988d1d1941735,Noodle House,7.0
1175,TAMAN SARI,-6.1475907,106.822562214286,532c141f498e9514a7f0952e,Beer Market,-6.1494773319903375,106.8197706440441,4bf58dd8d48988d116941735,Bar,7.2
1176,TAMAN SARI,-6.1475907,106.822562214286,4d231a44756e8cfaa2b58454,RM Ayam Goreng Mardun Martinah,-6.148652827199422,106.82653284558857,4bf58dd8d48988d142941735,Asian Restaurant,7.4
1177,TAMAN SARI,-6.1475907,106.822562214286,4c9ace5580958cfa757a46d4,RM. Ayam Goreng Seleraku,-6.14953317775811,106.81939444503769,4bf58dd8d48988d142941735,Asian Restaurant,6.9
1178,TAMAN SARI,-6.1475907,106.822562214286,4bfb2419f214a593e7e0ae0e,Bakmi Khek,-6.147138593964354,106.81824523827618,4bf58dd8d48988d1d1941735,Noodle House,7.0
1179,TAMAN SARI,-6.1475907,106.822562214286,50a7136ce4b08df1a7e9739d,OldTown White Coffee,-6.1469581451303545,106.81830252860993,4bf58dd8d48988d1e0931735,Coffee Shop,6.8
1180,TAMAN SARI,-6.1475907,106.822562214286,4d042aaec2e53704f0d0b667,Nasi Uduk Buni,-6.145022527737122,106.81897523565772,4bf58dd8d48988d142941735,Asian Restaurant,6.8
1181,MAPHAR,-6.15503822177053,106.821331682916,52a4afee498ef8873ea86755,Colloseum Club,-6.154701538133277,106.82102086767435,4bf58dd8d48988d11f941735,Nightclub,7.8
1182,MAPHAR,-6.15503822177053,106.821331682916,4ba88129f964a520abdd39e3,Bakmi GM,-6.154986170647095,106.81785260541413,4bf58dd8d48988d1d1941735,Noodle House,8.7
1183,MAPHAR,-6.15503822177053,106.821331682916,555211cb498ee23625e654c0,Yoshinoya Japanese Restaurant,-6.15647635041943,106.81871250072186,4bf58dd8d48988d111941735,Japanese Restaurant,8.1
1184,MAPHAR,-6.15503822177053,106.821331682916,4fd9eac3e4b0d5879e4c9931,Jong Ga Korea (Korean BBQ & Restaurant),-6.156905354978132,106.81900951423943,4bf58dd8d48988d113941735,Korean Restaurant,8.1
1185,MAPHAR,-6.15503822177053,106.821331682916,4bbc9f638a4fb713fbe53b9d,Delicious Bakery,-6.157813242572672,106.81876371823505,4bf58dd8d48988d16a941735,Bakery,8.5
1186,MAPHAR,-6.15503822177053,106.821331682916,4bdc40a43904a593f05a4d9e,Bakmi Lung Kee,-6.157368445260144,106.81863948097696,4bf58dd8d48988d1d1941735,Noodle House,8.0
1187,MAPHAR,-6.15503822177053,106.821331682916,4c9ed9392fb1a143a7edee40,Gandy Steak House & Bakery,-6.156878245747026,106.8187765593042,4bf58dd8d48988d1cc941735,Steakhouse,7.8
1188,MAPHAR,-6.15503822177053,106.821331682916,4c721cda2b7fef3b54088c1d,Restaurant Garuda,-6.153765028458682,106.81795774845965,52960eda3cf9994f4e043ac5,Padangnese Restaurant,7.9
1189,MAPHAR,-6.15503822177053,106.821331682916,4b9134fcf964a52008aa33e3,Mie Ayam Blo'on,-6.1534388021483934,106.81995500838369,4bf58dd8d48988d1cb941735,Food Truck,7.2
1190,MAPHAR,-6.15503822177053,106.821331682916,4c064ce98f8fa5937508f30d,Gramedia,-6.154144191150932,106.81763318098054,4bf58dd8d48988d114951735,Bookstore,7.9
1191,MAPHAR,-6.15503822177053,106.821331682916,4f52286fe4b002a741ec9d2f,Bakmi Kadut Asli (sejak 1967),-6.1563072718968375,106.81835205192723,4bf58dd8d48988d1d1941735,Noodle House,7.6
1192,MAPHAR,-6.15503822177053,106.821331682916,4c50285c2a73c9280b0105d2,Kwetiau Sapi Hayam Wuruk,-6.158009539883989,106.81878440215851,4bf58dd8d48988d145941735,Chinese Restaurant,7.8
1193,MAPHAR,-6.15503822177053,106.821331682916,5110b0f8e4b0e83bc49f1901,Bakmi Gajah Mada Hayam Wuruk,-6.154964782662339,106.81789692196634,4bf58dd8d48988d142941735,Asian Restaurant,7.5
1194,MAPHAR,-6.15503822177053,106.821331682916,526223a311d23ef7ecbfc58c,Empiremotoshop,-6.158251504240028,106.82152211666106,5032833091d4c4b30a586d60,Motorcycle Shop,7.3
1195,MAPHAR,-6.15503822177053,106.821331682916,4bf7aa75bb5176b0f53e5bb2,KFC,-6.1533054559193054,106.81768511029,4bf58dd8d48988d16e941735,Fast Food Restaurant,7.3
1196,MAPHAR,-6.15503822177053,106.821331682916,58383729016217169f9c7d40,Fill Bellies Food & Beverange,-6.1571305,106.8183764,52e81612bcbc57f1066b79f1,Bistro,7.1
1197,MAPHAR,-6.15503822177053,106.821331682916,4c122c99b2510f475a1cc498,Kebun Jeruk IX,-6.154627264315864,106.82090133570014,4bf58dd8d48988d1e2931735,Art Gallery,6.6
1198,MAPHAR,-6.15503822177053,106.821331682916,4c05018873a8c9b6b6c796e0,RM Padang Hidangan Baru,-6.156525577232239,106.81816347434602,4deefc054765f83613cdba6f,Indonesian Restaurant,7.0
1199,MAPHAR,-6.15503822177053,106.821331682916,4ea7f04093adf18a204fcd6b,Yuyuantang Reflexology,-6.15654423007559,106.818231938572,52f2ab2ebcbc57f1066b8b3c,Massage Studio,7.0
1200,MAPHAR,-6.15503822177053,106.821331682916,4d45002a1911a0930f6eded8,Kwetiaw Jangkung JK Sapi & seafood,-6.156362403013349,106.81851377964843,4bf58dd8d48988d145941735,Chinese Restaurant,6.7
1201,MAPHAR,-6.15503822177053,106.821331682916,4beb82b8ca97d13a87a76c77,Bakmie Shang Hie,-6.157451013079738,106.8186105513767,4bf58dd8d48988d1d1941735,Noodle House,6.8
1202,MAPHAR,-6.15503822177053,106.821331682916,4bbf242c85fbb7130ea97167,Tahu Pong Semarang Jln Gajahmada,-6.154016609152784,106.81748914780975,4bf58dd8d48988d1cb941735,Food Truck,6.9
1203,MAPHAR,-6.15503822177053,106.821331682916,4e46a7b052b1bac0d9790bba,Bakmi Kadut Pertama Hayam Wuruk,-6.158309801979019,106.81876466970706,4bf58dd8d48988d1d1941735,Noodle House,6.9
1204,MAPHAR,-6.15503822177053,106.821331682916,4bfa78e94a67c928e94028cf,Lesehan Gudeg Jogja Malioboro,-6.154787735216322,106.81801342899332,4bf58dd8d48988d1cb941735,Food Truck,6.7
1205,MAPHAR,-6.15503822177053,106.821331682916,4bc9d668fb84c9b697af1b3e,Bun Ong's Claypot,-6.156054080518293,106.81832174811191,4bf58dd8d48988d145941735,Chinese Restaurant,6.6
1206,MAPHAR,-6.15503822177053,106.821331682916,4d36ff0010248cfaa1a08acf,Kuo Tie Shan-Tung 77,-6.1537108558684075,106.81734511473097,4bf58dd8d48988d145941735,Chinese Restaurant,6.9
1207,MAPHAR,-6.15503822177053,106.821331682916,50be14f8e4b02abe7fa115d3,Mie kangkung FAFA,-6.157742521227522,106.81878897051278,4bf58dd8d48988d147941735,Diner,6.7
1208,MAPHAR,-6.15503822177053,106.821331682916,4ce89138678aa093d09ee9ea,Sop Kaki Sapi Pak Odji,-6.157943,106.82414,4bf58dd8d48988d1dd931735,Soup Place,6.5
1209,MAPHAR,-6.15503822177053,106.821331682916,4bcf10a1b6c49c74f1129891,Tamani Cafe,-6.154619849672182,106.81807390990821,4bf58dd8d48988d109941735,Eastern European Restaurant,6.2
1210,MAPHAR,-6.15503822177053,106.821331682916,4de85e9281dcbe67153b4a39,Hollywood Hotel,-6.151020411209573,106.82023019064168,4bf58dd8d48988d1fa931735,Hotel,6.4
1211,MAPHAR,-6.15503822177053,106.821331682916,4bd251b0462cb713df35dc07,Bakmi Khek Pasar Sawah Besar,-6.159191024175772,106.82037943103634,4bf58dd8d48988d142941735,Asian Restaurant,6.4
1212,MAPHAR,-6.15503822177053,106.821331682916,4fcb7f09e4b02fed0e6a759c,Kwetiaw Sapi Hayam Wuruk 61,-6.157864448950562,106.8187163133712,4bf58dd8d48988d145941735,Chinese Restaurant,6.3
1213,MAPHAR,-6.15503822177053,106.821331682916,4bf55e4ccad2c9283ef19c99,Kwetiau Jangkung,-6.15637355814276,106.81845513205367,4bf58dd8d48988d145941735,Chinese Restaurant,6.1
1214,MAPHAR,-6.15503822177053,106.821331682916,4c14bd29a5eb76b0e52dc2b7,Nasi Ulam Kafe Betawi,-6.158511754331527,106.81920026782242,4bf58dd8d48988d1cb941735,Food Truck,6.2
1215,MAPHAR,-6.15503822177053,106.821331682916,5139315de4b0e3f7560fd6cd,Indomaret,-6.1550061219790075,106.81780025957386,4d954b0ea243a5684a65b473,Convenience Store,6.1
1216,MAPHAR,-6.15503822177053,106.821331682916,53ed9637498ee8e2fa599bb1,HOKI Klang Bak Kut Teh,-6.1574054,106.81829,4bf58dd8d48988d145941735,Chinese Restaurant,6.1
1217,MAPHAR,-6.15503822177053,106.821331682916,4cadec194f1c952159d5db21,Holland Bakery,-6.1561520747727165,106.81850314328749,4bf58dd8d48988d16a941735,Bakery,5.6
1218,MAPHAR,-6.15503822177053,106.821331682916,4bd4328b41b9ef3b9e8f01e6,Grand Ollimo,-6.153062020281018,106.81773751974106,4bf58dd8d48988d145941735,Chinese Restaurant,5.5
1219,TANGKI,-6.14800676666667,106.824252958333,4bc5c5d46c26b7133db1ebf3,Kwetiaw Sapi 78 Mangga Besar,-6.14889293412637,106.82545423223245,4bf58dd8d48988d1d1941735,Noodle House,8.0
1220,TANGKI,-6.14800676666667,106.824252958333,4c26f20af3859c74457d6588,Tio Ciu 78,-6.148826581986638,106.82511150952261,4bf58dd8d48988d145941735,Chinese Restaurant,8.0
1221,TANGKI,-6.14800676666667,106.824252958333,4bf7e96eb182c9b63d6d765a,KFC,-6.147844447600243,106.82376331795572,4bf58dd8d48988d16e941735,Fast Food Restaurant,7.9
1222,TANGKI,-6.14800676666667,106.824252958333,51e4e3cc498efd152dc89fc0,The Harvest - Patissier & Chocolatier,-6.148451539264337,106.82627533945326,4bf58dd8d48988d1d0941735,Dessert Shop,7.9
1223,TANGKI,-6.14800676666667,106.824252958333,4c139de082a3c9b613b4fbf8,Dunkin' Donuts,-6.148800476396857,106.82692008717827,4bf58dd8d48988d148941735,Donut Shop,8.0
1224,TANGKI,-6.14800676666667,106.824252958333,4e81a29eb8039438be45ce50,Lawton Coffee,-6.149081415434173,106.82438883536932,4bf58dd8d48988d16d941735,Café,7.4
1225,TANGKI,-6.14800676666667,106.824252958333,4c142a1ea9c220a11529579d,Bakmi Tan,-6.150410497562174,106.82303018989946,4bf58dd8d48988d1d1941735,Noodle House,7.7
1226,TANGKI,-6.14800676666667,106.824252958333,4d6912200a25b60c78db1f90,Lalapan Babeh,-6.149847584912658,106.82531316278097,4bf58dd8d48988d1cb941735,Food Truck,7.4
1227,TANGKI,-6.14800676666667,106.824252958333,4ba74030f964a520ed8739e3,Tahu Pong,-6.148780211063133,106.8256530929935,4bf58dd8d48988d1cb941735,Food Truck,7.2
1228,TANGKI,-6.14800676666667,106.824252958333,4f155309e4b045626af6c3f1,Travel Hotel,-6.151040874196371,106.82588643522492,4bf58dd8d48988d1d5941735,Hotel Bar,7.9
1229,TANGKI,-6.14800676666667,106.824252958333,4d231a44756e8cfaa2b58454,RM Ayam Goreng Mardun Martinah,-6.148652827199422,106.82653284558857,4bf58dd8d48988d142941735,Asian Restaurant,7.4
1230,TANGKI,-6.14800676666667,106.824252958333,4c4bd990f7cc1b8dc8e87340,Nasi Campur ALU,-6.1513777,106.825905,4bf58dd8d48988d1df931735,BBQ Joint,8.0
1231,TANGKI,-6.14800676666667,106.824252958333,4c680bdc1c91a5930ef1ee07,Bakmi Kepiting 78 Mangga Besar,-6.148960945929133,106.8254324194466,4bf58dd8d48988d1d1941735,Noodle House,7.2
1232,TANGKI,-6.14800676666667,106.824252958333,4f11a2cbe4b0380202d9632f,Malioboro night club,-6.14734589915942,106.82295095000941,4bf58dd8d48988d11f941735,Nightclub,7.2
1233,TANGKI,-6.14800676666667,106.824252958333,4c03b4ff310fc9b66036c661,GOR Lokasari,-6.146748062260198,106.82300862229432,4bf58dd8d48988d1e1941735,Basketball Court,7.1
1234,TANGKI,-6.14800676666667,106.824252958333,4d1c74304ff98cfa987fbb3e,Baso Afung Lokasari,-6.147206176969237,106.82364808828851,4deefc054765f83613cdba6f,Indonesian Restaurant,7.0
1235,TANGKI,-6.14800676666667,106.824252958333,4ce5cdd10f196dcbba6833ae,Bakmie Atham,-6.148797755372321,106.82482810522482,4bf58dd8d48988d1d1941735,Noodle House,7.0
1236,TANGKI,-6.14800676666667,106.824252958333,4c050b383846b713275bd7a3,Hoka Hoka Bento,-6.148361393817511,106.82439777360696,4bf58dd8d48988d111941735,Japanese Restaurant,6.9
1237,TANGKI,-6.14800676666667,106.824252958333,4bb9781eb35776b097f8c901,Kuetiaw Sapi Aciap,-6.149416219446371,106.82016484729046,4bf58dd8d48988d142941735,Asian Restaurant,7.7
1238,TANGKI,-6.14800676666667,106.824252958333,55ab3e40498eac3672411ddd,Buana 94,-6.151996561979877,106.82577408522647,4bf58dd8d48988d1df931735,BBQ Joint,7.7
1239,TANGKI,-6.14800676666667,106.824252958333,50570361e4b0e7ceb7e9b162,Warung Nasi Tim BARU,-6.149430675509307,106.82129194242995,4bf58dd8d48988d145941735,Chinese Restaurant,7.1
1240,TANGKI,-6.14800676666667,106.824252958333,4bc70d6014d795218f9c66e9,Bakmi Ahau 38,-6.149370513060492,106.82114426180893,4bf58dd8d48988d1d1941735,Noodle House,7.0
1241,TANGKI,-6.14800676666667,106.824252958333,4f17e8a9e4b0cae4b46fb239,Anna Salon & Spa,-6.149165655837899,106.82029896844239,4bf58dd8d48988d110951735,Salon / Barbershop,7.1
1242,TANGKI,-6.14800676666667,106.824252958333,4c0b3f427e3fc928a21cf582,Rawon Setan Mangga Besar,-6.148426173064142,106.82751950829223,52960eda3cf9994f4e043ac7,Javanese Restaurant,6.9
1243,TANGKI,-6.14800676666667,106.824252958333,4d3efa8a6e0aa1cd0de0f92c,Warung Lalapan Babe - Mangga Besar VIII,-6.151495271889461,106.82585382491303,4bf58dd8d48988d1c4941735,Restaurant,6.9
1244,MANGGA BESAR,-6.1492755,106.8216493,4c142a1ea9c220a11529579d,Bakmi Tan,-6.150410497562174,106.82303018989946,4bf58dd8d48988d1d1941735,Noodle House,7.7
1245,MANGGA BESAR,-6.1492755,106.8216493,4bb9781eb35776b097f8c901,Kuetiaw Sapi Aciap,-6.149416219446371,106.82016484729046,4bf58dd8d48988d142941735,Asian Restaurant,7.7
1246,MANGGA BESAR,-6.1492755,106.8216493,4bf7e96eb182c9b63d6d765a,KFC,-6.147844447600243,106.82376331795572,4bf58dd8d48988d16e941735,Fast Food Restaurant,7.9
1247,MANGGA BESAR,-6.1492755,106.8216493,4b89612cf964a520903032e3,Kam Seng 金城,-6.14824396744688,106.81854211194454,4bf58dd8d48988d145941735,Chinese Restaurant,8.4
1248,MANGGA BESAR,-6.1492755,106.8216493,4e3b54f92271d21e86dac540,Bubur Aguan,-6.148602754346078,106.81853394162988,4bf58dd8d48988d1dd931735,Soup Place,8.1
1249,MANGGA BESAR,-6.1492755,106.8216493,4befc6811f17ef3b54af9bc8,Bubur Ayam Mangga Besar 1,-6.147397003699553,106.81840423457533,4bf58dd8d48988d145941735,Chinese Restaurant,8.5
1250,MANGGA BESAR,-6.1492755,106.8216493,4c2ee48b7cc0c9b6c9e6ea9a,Nasi Gemuk Jambi,-6.147732,106.818383,4bf58dd8d48988d142941735,Asian Restaurant,8.3
1251,MANGGA BESAR,-6.1492755,106.8216493,4b5dba9ff964a520cf6829e3,Bakso Akiaw 99,-6.14981266381681,106.81761118048166,4bf58dd8d48988d1d1941735,Noodle House,8.5
1252,MANGGA BESAR,-6.1492755,106.8216493,4bc5c9550a30d13a4d725a9c,Hay Thien,-6.147954850138737,106.81849006219618,4bf58dd8d48988d145941735,Chinese Restaurant,8.0
1253,MANGGA BESAR,-6.1492755,106.8216493,4c26f20af3859c74457d6588,Tio Ciu 78,-6.148826581986638,106.82511150952261,4bf58dd8d48988d145941735,Chinese Restaurant,8.0
1254,MANGGA BESAR,-6.1492755,106.8216493,4bc5c5d46c26b7133db1ebf3,Kwetiaw Sapi 78 Mangga Besar,-6.14889293412637,106.82545423223245,4bf58dd8d48988d1d1941735,Noodle House,8.0
1255,MANGGA BESAR,-6.1492755,106.8216493,532c141f498e9514a7f0952e,Beer Market,-6.1494773319903375,106.8197706440441,4bf58dd8d48988d116941735,Bar,7.2
1256,MANGGA BESAR,-6.1492755,106.8216493,55856536498ee5700fa22f57,Hotel Santika Premiere Hayam Wuruk Jakarta,-6.149321315548054,106.81730194168522,4bf58dd8d48988d1fa931735,Hotel,8.3
1257,MANGGA BESAR,-6.1492755,106.8216493,4f17e8a9e4b0cae4b46fb239,Anna Salon & Spa,-6.149165655837899,106.82029896844239,4bf58dd8d48988d110951735,Salon / Barbershop,7.1
1258,MANGGA BESAR,-6.1492755,106.8216493,4c6fc62634443704c3ea215f,Hunan Kitchen (Hu Nan Xioa Chu),-6.146966482337078,106.81822578917523,4bf58dd8d48988d145941735,Chinese Restaurant,8.1
1259,MANGGA BESAR,-6.1492755,106.8216493,4e81a29eb8039438be45ce50,Lawton Coffee,-6.149081415434173,106.82438883536932,4bf58dd8d48988d16d941735,Café,7.4
1260,MANGGA BESAR,-6.1492755,106.8216493,50570361e4b0e7ceb7e9b162,Warung Nasi Tim BARU,-6.149430675509307,106.82129194242995,4bf58dd8d48988d145941735,Chinese Restaurant,7.1
1261,MANGGA BESAR,-6.1492755,106.8216493,4f11a2cbe4b0380202d9632f,Malioboro night club,-6.14734589915942,106.82295095000941,4bf58dd8d48988d11f941735,Nightclub,7.2
1262,MANGGA BESAR,-6.1492755,106.8216493,4bc70d6014d795218f9c66e9,Bakmi Ahau 38,-6.149370513060492,106.82114426180893,4bf58dd8d48988d1d1941735,Noodle House,7.0
1263,MANGGA BESAR,-6.1492755,106.8216493,4c0cf9223561ef3b5e8dda2d,Henis,-6.149795335862209,106.81786005826292,4bf58dd8d48988d16a941735,Bakery,7.6
1264,MANGGA BESAR,-6.1492755,106.8216493,4c03b4ff310fc9b66036c661,GOR Lokasari,-6.146748062260198,106.82300862229432,4bf58dd8d48988d1e1941735,Basketball Court,7.1
1265,MANGGA BESAR,-6.1492755,106.8216493,4d6912200a25b60c78db1f90,Lalapan Babeh,-6.149847584912658,106.82531316278097,4bf58dd8d48988d1cb941735,Food Truck,7.4
1266,MANGGA BESAR,-6.1492755,106.8216493,4d1c74304ff98cfa987fbb3e,Baso Afung Lokasari,-6.147206176969237,106.82364808828851,4deefc054765f83613cdba6f,Indonesian Restaurant,7.0
1267,MANGGA BESAR,-6.1492755,106.8216493,4c9ace5580958cfa757a46d4,RM. Ayam Goreng Seleraku,-6.14953317775811,106.81939444503769,4bf58dd8d48988d142941735,Asian Restaurant,6.9
1268,MANGGA BESAR,-6.1492755,106.8216493,4cdf61907e2e236ab885851b,Top Yammie,-6.14684068667808,106.81786518891325,4bf58dd8d48988d1d1941735,Noodle House,7.4
1269,MANGGA BESAR,-6.1492755,106.8216493,4c5c44c094fd0f472c1fc845,Bakmi Cong Sim Athek Medan,-6.149787556689957,106.81809747918975,4bf58dd8d48988d1d1941735,Noodle House,7.1
1270,MANGGA BESAR,-6.1492755,106.8216493,4c680bdc1c91a5930ef1ee07,Bakmi Kepiting 78 Mangga Besar,-6.148960945929133,106.8254324194466,4bf58dd8d48988d1d1941735,Noodle House,7.2
1271,MANGGA BESAR,-6.1492755,106.8216493,4bfe870f4cf820a181fdedf4,R.M. Medan Pasar Rame,-6.149796909478665,106.81812796444805,4bf58dd8d48988d145941735,Chinese Restaurant,7.1
1272,MANGGA BESAR,-6.1492755,106.8216493,4ba74030f964a520ed8739e3,Tahu Pong,-6.148780211063133,106.8256530929935,4bf58dd8d48988d1cb941735,Food Truck,7.2
1273,MANGGA BESAR,-6.1492755,106.8216493,4ce5cdd10f196dcbba6833ae,Bakmie Atham,-6.148797755372321,106.82482810522482,4bf58dd8d48988d1d1941735,Noodle House,7.0
1274,MANGGA BESAR,-6.1492755,106.8216493,4c050b383846b713275bd7a3,Hoka Hoka Bento,-6.148361393817511,106.82439777360696,4bf58dd8d48988d111941735,Japanese Restaurant,6.9
1275,MANGGA BESAR,-6.1492755,106.8216493,4c10f756f1b6a593cdad7c27,New Hometown Restaurant,-6.146951056172426,106.81784576435815,4bf58dd8d48988d145941735,Chinese Restaurant,7.2
1276,MANGGA BESAR,-6.1492755,106.8216493,4ff2c959e4b07a2fa5c4731e,Kwetiau Akang,-6.150005,106.81773,4bf58dd8d48988d1d1941735,Noodle House,7.1
1277,MANGGA BESAR,-6.1492755,106.8216493,4b9134fcf964a52008aa33e3,Mie Ayam Blo'on,-6.1534388021483934,106.81995500838369,4bf58dd8d48988d1cb941735,Food Truck,7.2
1278,MANGGA BESAR,-6.1492755,106.8216493,4fb48fbbe4b00c720c5e61c8,Lawson,-6.149777127340064,106.81818186591295,4d954b0ea243a5684a65b473,Convenience Store,6.9
1279,MANGGA BESAR,-6.1492755,106.8216493,4bfb2419f214a593e7e0ae0e,Bakmi Khek,-6.147138593964354,106.81824523827618,4bf58dd8d48988d1d1941735,Noodle House,7.0
1280,MANGGA BESAR,-6.1492755,106.8216493,50a7136ce4b08df1a7e9739d,OldTown White Coffee,-6.1469581451303545,106.81830252860993,4bf58dd8d48988d1e0931735,Coffee Shop,6.8
1281,MANGGA BESAR,-6.1492755,106.8216493,4c8b3e6152a98cfa4a6634e9,Kwetiauw Akang Medan,-6.149799511895065,106.817666436982,4bf58dd8d48988d142941735,Asian Restaurant,6.5
1282,MANGGA BESAR,-6.1492755,106.8216493,4e4b28101520f0462bd6cd12,Bakso Rusuk Total Solo,-6.149621892499929,106.81753635406494,4deefc054765f83613cdba6f,Indonesian Restaurant,6.1
1283,MANGGA BESAR,-6.1492755,106.8216493,4cb549bbb315a09302ae9376,Warung Nasi Tim Baru Mangga Besar,-6.149954323771279,106.81720108174416,4bf58dd8d48988d1cb941735,Food Truck,5.9
1284,MANGGA BESAR,-6.1492755,106.8216493,4ed71f7c9a521454708859fe,Spice Restaurant Mercure Hotel,-6.148834448244494,106.81734634930446,4bf58dd8d48988d1f5931735,Dim Sum Restaurant,5.7
1285,TANAH SEREAL,-8.7996802,115.1506101,5600f7d2498e4df93e4c0b35,The Leaf Jimbaran,-8.79814063827763,115.14968991279602,4bf58dd8d48988d12f951735,Resort,8.0
1286,TANAH SEREAL,-8.7996802,115.1506101,54dc26b8498ee2dde575d30d,Bengkel Roti,-8.803259,115.153185,4bf58dd8d48988d16a941735,Bakery,5.8
1287,TANAH SEREAL,-8.7996802,115.1506101,4c716ad59a669c747d72e3bd,Bheering Malimbu Villa,-8.802548,115.152315,4bf58dd8d48988d12f951735,Resort,0.0
1288,TAMBORA,-8.7996802,115.1506101,5600f7d2498e4df93e4c0b35,The Leaf Jimbaran,-8.79814063827763,115.14968991279602,4bf58dd8d48988d12f951735,Resort,8.0
1289,TAMBORA,-8.7996802,115.1506101,54dc26b8498ee2dde575d30d,Bengkel Roti,-8.803259,115.153185,4bf58dd8d48988d16a941735,Bakery,5.8
1290,TAMBORA,-8.7996802,115.1506101,4c716ad59a669c747d72e3bd,Bheering Malimbu Villa,-8.802548,115.152315,4bf58dd8d48988d12f951735,Resort,0.0
1291,ROA MALAKA,-8.7996802,115.1506101,5600f7d2498e4df93e4c0b35,The Leaf Jimbaran,-8.79814063827763,115.14968991279602,4bf58dd8d48988d12f951735,Resort,8.0
1292,ROA MALAKA,-8.7996802,115.1506101,54dc26b8498ee2dde575d30d,Bengkel Roti,-8.803259,115.153185,4bf58dd8d48988d16a941735,Bakery,5.8
1293,ROA MALAKA,-8.7996802,115.1506101,4c716ad59a669c747d72e3bd,Bheering Malimbu Villa,-8.802548,115.152315,4bf58dd8d48988d12f951735,Resort,0.0
1294,PEKOJAN,-6.13507507598205,106.80478204991,4dba8598be4d6d4c08f78c16,Dunkin' Cafe,-6.136147442873795,106.80618115643946,4bf58dd8d48988d179941735,Bagel Shop,7.8
1295,PEKOJAN,-6.13507507598205,106.80478204991,4db7a00c04376df997636575,Dunkin' Donuts,-6.136143511662494,106.8061893172183,4bf58dd8d48988d148941735,Donut Shop,7.7
1296,PEKOJAN,-6.13507507598205,106.80478204991,553242d4498e0d579879fb19,Ebisuya Restaurant,-6.1363236157955425,106.80373824490155,4bf58dd8d48988d111941735,Japanese Restaurant,7.7
1297,PEKOJAN,-6.13507507598205,106.80478204991,4bd84bb50b779c74f1c306a0,"Ayam Goreng Kampung ""Asean""",-6.137760575752205,106.80589766005524,4bf58dd8d48988d1cb941735,Food Truck,7.9
1298,PEKOJAN,-6.13507507598205,106.80478204991,4bfa614b8d30d13a7d750318,"Kwetiau Bagan ""Che Hin""",-6.136321001789375,106.80421611591217,4bf58dd8d48988d145941735,Chinese Restaurant,7.4
1299,PEKOJAN,-6.13507507598205,106.80478204991,4baecc27f964a520ded83be3,Bakmi Orpa,-6.135973307943833,106.80809820847726,4bf58dd8d48988d1d1941735,Noodle House,7.9
1300,PEKOJAN,-6.13507507598205,106.80478204991,4bee82cfd355a59356f20a60,Restoran Cahaya Baru,-6.133774742683182,106.80903956864236,4bf58dd8d48988d145941735,Chinese Restaurant,7.6
1301,PEKOJAN,-6.13507507598205,106.80478204991,4c0b472d7e3fc9288226f582,Bakmi Belitung,-6.1362251202675315,106.8051311866211,4bf58dd8d48988d145941735,Chinese Restaurant,6.6
1302,PEKOJAN,-6.13507507598205,106.80478204991,50349f7339503492da15e96e,"Meat Me ""Premium Butchery""",-6.136257935675639,106.80389814890087,4bf58dd8d48988d1cc941735,Steakhouse,6.5
1303,PEKOJAN,-6.13507507598205,106.80478204991,4ca72afbb7106dcb05f364a5,"Lomie ""Tua Thao""",-6.135998592162744,106.80593924422655,4bf58dd8d48988d1d1941735,Noodle House,6.4
1304,PEKOJAN,-6.13507507598205,106.80478204991,4e9d604d9adfe5e71cb98681,Sate Babi & Bakut Aleng,-6.13769943222216,106.80647585858786,4bf58dd8d48988d142941735,Asian Restaurant,6.2
1305,PEKOJAN,-6.13507507598205,106.80478204991,4f61eb25e4b0a9d09179be63,Mie Karet Pejagalan,-6.137956407019462,106.80290194517285,4bf58dd8d48988d147941735,Diner,6.2
1306,PEKOJAN,-6.13507507598205,106.80478204991,4bc15f602a89ef3ba95af288,Rumah Makan Asia,-6.134898840177632,106.80831704318798,4bf58dd8d48988d145941735,Chinese Restaurant,6.2
1307,PEKOJAN,-6.13507507598205,106.80478204991,4d4296e2f2a6a093d029d868,Disc Tara Emporium Pluit,-6.13150920294686,106.80585157183177,4bf58dd8d48988d10d951735,Record Shop,0.0
1308,JEMBATAN LIMA,-6.14606944717466,106.800514176998,4c438f3459d99c743d8bfbad,Stasiun Angke,-6.144437657901527,106.80073499679565,4bf58dd8d48988d129951735,Train Station,6.4
1309,JEMBATAN LIMA,-6.14606944717466,106.800514176998,4c497fed567776b0565fe587,Krendang Raya,-6.149288986793125,106.8036508701523,4bf58dd8d48988d1cb941735,Food Truck,6.7
1310,JEMBATAN LIMA,-6.14606944717466,106.800514176998,4c42c306ff711b8d920c1405,Jalan Jembatan lima,-6.147105291523855,106.80386978716746,4bf58dd8d48988d1f6941735,Department Store,6.3
1311,JEMBATAN LIMA,-6.14606944717466,106.800514176998,4c29e6c4fe6e2d7f1975553c,Angke,-6.142782931106727,106.80183617161876,4bf58dd8d48988d15a941735,Garden,6.0
1312,JEMBATAN LIMA,-6.14606944717466,106.800514176998,505c6f2de4b038a3e3f6215a,Grand Manhattan Club & Bar Hotel Borobudur Jakarta,-6.1468447814458,106.80077616401522,4bf58dd8d48988d1d5941735,Hotel Bar,0.0
1313,JEMBATAN LIMA,-6.14606944717466,106.800514176998,50160c95e4b088cc6d262036,Soto mie prima rasa,-6.147054673906251,106.80399652867644,4bf58dd8d48988d1cb941735,Food Truck,0.0
1314,JEMBATAN LIMA,-6.14606944717466,106.800514176998,4ce93416baa6a1cd2974326c,Jembatan besi IV Gang Venus,-6.150335091978622,106.80105844816035,4bf58dd8d48988d142941735,Asian Restaurant,0.0
1315,KRENDANG,-6.155848,106.8013272,4bff6651ca1920a181caec81,Bakso Yadi,-6.157939293853327,106.80307093317367,52960eda3cf9994f4e043acc,Indonesian Meatball Place,7.0
1316,KRENDANG,-6.155848,106.8013272,4e34065f1838df3b5f747183,Indomaret,-6.15445490422167,106.79903017577605,4d954b0ea243a5684a65b473,Convenience Store,6.2
1317,KRENDANG,-6.155848,106.8013272,4bb9c76e7421a59353fec240,Stasiun Besar Duri,-6.156384789229544,106.80128216743469,4bf58dd8d48988d129951735,Train Station,6.0
1318,KRENDANG,-6.155848,106.8013272,51852ebf498eba380333e0eb,Kopitiam Pondok Mangga,-6.1563093142126455,106.80344768596062,4bf58dd8d48988d117941735,Beer Garden,5.9
1319,DURI SELATAN,-8.7996802,115.1506101,5600f7d2498e4df93e4c0b35,The Leaf Jimbaran,-8.79814063827763,115.14968991279602,4bf58dd8d48988d12f951735,Resort,8.0
1320,DURI SELATAN,-8.7996802,115.1506101,54dc26b8498ee2dde575d30d,Bengkel Roti,-8.803259,115.153185,4bf58dd8d48988d16a941735,Bakery,5.8
1321,DURI SELATAN,-8.7996802,115.1506101,4c716ad59a669c747d72e3bd,Bheering Malimbu Villa,-8.802548,115.152315,4bf58dd8d48988d12f951735,Resort,0.0
1322,DURI UTARA,-8.7996802,115.1506101,5600f7d2498e4df93e4c0b35,The Leaf Jimbaran,-8.79814063827763,115.14968991279602,4bf58dd8d48988d12f951735,Resort,8.0
1323,DURI UTARA,-8.7996802,115.1506101,54dc26b8498ee2dde575d30d,Bengkel Roti,-8.803259,115.153185,4bf58dd8d48988d16a941735,Bakery,5.8
1324,DURI UTARA,-8.7996802,115.1506101,4c716ad59a669c747d72e3bd,Bheering Malimbu Villa,-8.802548,115.152315,4bf58dd8d48988d12f951735,Resort,0.0
1325,KALI ANYAR,-8.7996802,115.1506101,5600f7d2498e4df93e4c0b35,The Leaf Jimbaran,-8.79814063827763,115.14968991279602,4bf58dd8d48988d12f951735,Resort,8.0
1326,KALI ANYAR,-8.7996802,115.1506101,54dc26b8498ee2dde575d30d,Bengkel Roti,-8.803259,115.153185,4bf58dd8d48988d16a941735,Bakery,5.8
1327,KALI ANYAR,-8.7996802,115.1506101,4c716ad59a669c747d72e3bd,Bheering Malimbu Villa,-8.802548,115.152315,4bf58dd8d48988d12f951735,Resort,0.0
1328,JEMBATAN BESI,-6.15349675,106.796023775,59056fddbfc6d00e18da71b8,Starbucks,-6.15314710893218,106.79565262442674,4bf58dd8d48988d1e0931735,Coffee Shop,8.1
1329,JEMBATAN BESI,-6.15349675,106.796023775,50264de4e4b0f46cce30d974,The Royal Jade,-6.152856675723258,106.79736385415079,4bf58dd8d48988d145941735,Chinese Restaurant,6.6
1330,JEMBATAN BESI,-6.15349675,106.796023775,4bfd118fb68d0f47e12be857,Seasons City XXI,-6.153739376150894,106.79592847824097,4bf58dd8d48988d180941735,Multiplex,6.5
1331,JEMBATAN BESI,-6.15349675,106.796023775,4cc7c74b7722bfb71e1fa2fa,Dunia Pancing,-6.153248395965212,106.79210494651797,4bf58dd8d48988d1fb941735,Hobby Shop,6.6
1332,JEMBATAN BESI,-6.15349675,106.796023775,4c394a37edba9521434dd625,A&W,-6.153245712825119,106.79540131113299,4bf58dd8d48988d16e941735,Fast Food Restaurant,6.1
1333,JEMBATAN BESI,-6.15349675,106.796023775,50c414c8e4b0e2b40c725c93,Soto Betawi Asli Mang Koko,-6.1544177329953795,106.79640328822364,4deefc054765f83613cdba6f,Indonesian Restaurant,6.1
1334,JEMBATAN BESI,-6.15349675,106.796023775,4ccebf827c2ff04d7f71a67e,Quantum Bistro,-6.154394175837269,106.79659571177841,4bf58dd8d48988d109941735,Eastern European Restaurant,6.0
1335,JEMBATAN BESI,-6.15349675,106.796023775,4e34065f1838df3b5f747183,Indomaret,-6.15445490422167,106.79903017577605,4d954b0ea243a5684a65b473,Convenience Store,6.2
1336,JEMBATAN BESI,-6.15349675,106.796023775,4c5109ac1c67ef3bdb9f0bb9,Seasons City,-6.153832245780942,106.79621934046389,4bf58dd8d48988d1fd941735,Shopping Mall,6.0
1337,JEMBATAN BESI,-6.15349675,106.796023775,5054413de4b01ef821c6ebaa,Food Garden,-6.154418493372116,106.79643515908582,4bf58dd8d48988d142941735,Asian Restaurant,5.9
1338,JEMBATAN BESI,-6.15349675,106.796023775,4cbadeb6a33bb1f717e890fd,KFC,-6.153092462563997,106.79548419556109,4bf58dd8d48988d16e941735,Fast Food Restaurant,5.8
1339,JEMBATAN BESI,-6.15349675,106.796023775,4cc6bbb7d43ba1439c8175f8,D'Cost Seafood,-6.150453925445967,106.7949628829956,4bf58dd8d48988d1ce941735,Seafood Restaurant,6.0
1340,ANGKE,-8.7996802,115.1506101,5600f7d2498e4df93e4c0b35,The Leaf Jimbaran,-8.79814063827763,115.14968991279602,4bf58dd8d48988d12f951735,Resort,8.0
1341,ANGKE,-8.7996802,115.1506101,54dc26b8498ee2dde575d30d,Bengkel Roti,-8.803259,115.153185,4bf58dd8d48988d16a941735,Bakery,5.8
1342,ANGKE,-8.7996802,115.1506101,4c716ad59a669c747d72e3bd,Bheering Malimbu Villa,-8.802548,115.152315,4bf58dd8d48988d12f951735,Resort,0.0
1343,SLIPI,-8.7996802,115.1506101,5600f7d2498e4df93e4c0b35,The Leaf Jimbaran,-8.79814063827763,115.14968991279602,4bf58dd8d48988d12f951735,Resort,8.0
1344,SLIPI,-8.7996802,115.1506101,54dc26b8498ee2dde575d30d,Bengkel Roti,-8.803259,115.153185,4bf58dd8d48988d16a941735,Bakery,5.8
1345,SLIPI,-8.7996802,115.1506101,4c716ad59a669c747d72e3bd,Bheering Malimbu Villa,-8.802548,115.152315,4bf58dd8d48988d12f951735,Resort,0.0
1346,KOTA BAMBU SELATAN,-6.18578207518299,106.795179188422,4c0f83e8c6cf76b0bd5a8251,Mie ayam & Bakso Pak Kardi,-6.188805152245417,106.79490104734991,4bf58dd8d48988d1d1941735,Noodle House,7.1
1347,KOTA BAMBU SELATAN,-6.18578207518299,106.795179188422,574675da498e28bbbf78534d,CGV Cinemas,-6.188961638091522,106.79640830034454,4bf58dd8d48988d180941735,Multiplex,7.1
1348,KOTA BAMBU SELATAN,-6.18578207518299,106.795179188422,4bf37e9f6ba2b7132e248977,Pizza Hut,-6.188948702418078,106.79694367506875,4bf58dd8d48988d1ca941735,Pizza Place,7.2
1349,KOTA BAMBU SELATAN,-6.18578207518299,106.795179188422,4c855055d4e237044cb78188,Pizza Hut,-6.187639642757864,106.79594282317346,4bf58dd8d48988d1ca941735,Pizza Place,6.6
1350,KOTA BAMBU SELATAN,-6.18578207518299,106.795179188422,4bf7b9838d30d13a836eff17,Dunkin' Donuts,-6.185300680589374,106.79867521892592,4bf58dd8d48988d148941735,Donut Shop,6.8
1351,KOTA BAMBU SELATAN,-6.18578207518299,106.795179188422,4fae365ee4b0e047b1eb7b69,Taman Cattleya,-6.181664885962818,106.79459810256958,4bf58dd8d48988d163941735,Park,6.6
1352,KOTA BAMBU SELATAN,-6.18578207518299,106.795179188422,4c26a587136d20a1e8c8e561,Bakmi DKI slipi,-6.189797170219653,106.79597917092046,4bf58dd8d48988d142941735,Asian Restaurant,6.5
1353,KOTA BAMBU SELATAN,-6.18578207518299,106.795179188422,4c26035ac11dc9b6fe1c2824,Tahu Pong Hayam Wuruk,-6.184390913285025,106.79542435417193,4bf58dd8d48988d1cb941735,Food Truck,5.7
1354,KOTA BAMBU SELATAN,-6.18578207518299,106.795179188422,4ba23ce6f964a52002e637e3,Twin Plaza Hotel Jakarta,-6.182598025763698,106.7970909529338,4bf58dd8d48988d1fa931735,Hotel,5.8
1355,KOTA BAMBU SELATAN,-6.18578207518299,106.795179188422,4dfc1b0eaeb7594e861f216a,Baso Malang Oasis,-6.185284243057663,106.79883625286102,52960eda3cf9994f4e043acc,Indonesian Meatball Place,5.6
1356,KOTA BAMBU SELATAN,-6.18578207518299,106.795179188422,4bd826910b779c74176f06a0,Pasar Slipi,-6.189848056997537,106.79567206698995,4bf58dd8d48988d1ff941735,Miscellaneous Shop,5.7
1357,KOTA BAMBU SELATAN,-6.18578207518299,106.795179188422,4d31860b5017a093a2fc3f9b,Foodcourt kolong slipi,-6.189679992793155,106.79641520708401,4bf58dd8d48988d1cb941735,Food Truck,0.0
1358,KOTA BAMBU SELATAN,-6.18578207518299,106.795179188422,4be4ef372457a5935a02ab15,Mie Ayam DKI,-6.18983,106.795927,4bf58dd8d48988d16e941735,Fast Food Restaurant,0.0
1359,KOTA BAMBU UTARA,-6.18578207518299,106.795179188422,4c0f83e8c6cf76b0bd5a8251,Mie ayam & Bakso Pak Kardi,-6.188805152245417,106.79490104734991,4bf58dd8d48988d1d1941735,Noodle House,7.1
1360,KOTA BAMBU UTARA,-6.18578207518299,106.795179188422,574675da498e28bbbf78534d,CGV Cinemas,-6.188961638091522,106.79640830034454,4bf58dd8d48988d180941735,Multiplex,7.1
1361,KOTA BAMBU UTARA,-6.18578207518299,106.795179188422,4bf37e9f6ba2b7132e248977,Pizza Hut,-6.188948702418078,106.79694367506875,4bf58dd8d48988d1ca941735,Pizza Place,7.2
1362,KOTA BAMBU UTARA,-6.18578207518299,106.795179188422,4c855055d4e237044cb78188,Pizza Hut,-6.187639642757864,106.79594282317346,4bf58dd8d48988d1ca941735,Pizza Place,6.6
1363,KOTA BAMBU UTARA,-6.18578207518299,106.795179188422,4bf7b9838d30d13a836eff17,Dunkin' Donuts,-6.185300680589374,106.79867521892592,4bf58dd8d48988d148941735,Donut Shop,6.8
1364,KOTA BAMBU UTARA,-6.18578207518299,106.795179188422,4fae365ee4b0e047b1eb7b69,Taman Cattleya,-6.181664885962818,106.79459810256958,4bf58dd8d48988d163941735,Park,6.6
1365,KOTA BAMBU UTARA,-6.18578207518299,106.795179188422,4c26a587136d20a1e8c8e561,Bakmi DKI slipi,-6.189797170219653,106.79597917092046,4bf58dd8d48988d142941735,Asian Restaurant,6.5
1366,KOTA BAMBU UTARA,-6.18578207518299,106.795179188422,4c26035ac11dc9b6fe1c2824,Tahu Pong Hayam Wuruk,-6.184390913285025,106.79542435417193,4bf58dd8d48988d1cb941735,Food Truck,5.7
1367,KOTA BAMBU UTARA,-6.18578207518299,106.795179188422,4ba23ce6f964a52002e637e3,Twin Plaza Hotel Jakarta,-6.182598025763698,106.7970909529338,4bf58dd8d48988d1fa931735,Hotel,5.8
1368,KOTA BAMBU UTARA,-6.18578207518299,106.795179188422,4dfc1b0eaeb7594e861f216a,Baso Malang Oasis,-6.185284243057663,106.79883625286102,52960eda3cf9994f4e043acc,Indonesian Meatball Place,5.6
1369,KOTA BAMBU UTARA,-6.18578207518299,106.795179188422,4bd826910b779c74176f06a0,Pasar Slipi,-6.189848056997537,106.79567206698995,4bf58dd8d48988d1ff941735,Miscellaneous Shop,5.7
1370,KOTA BAMBU UTARA,-6.18578207518299,106.795179188422,4d31860b5017a093a2fc3f9b,Foodcourt kolong slipi,-6.189679992793155,106.79641520708401,4bf58dd8d48988d1cb941735,Food Truck,0.0
1371,KOTA BAMBU UTARA,-6.18578207518299,106.795179188422,4be4ef372457a5935a02ab15,Mie Ayam DKI,-6.18983,106.795927,4bf58dd8d48988d16e941735,Fast Food Restaurant,0.0
1372,JATIPULO,-6.18204863333333,106.800901316667,55ea9b9f498e6fb411d29a9b,Mlinjo Cafe & Resto,-6.177770988263737,106.80048092114903,52960eda3cf9994f4e043ac7,Javanese Restaurant,8.6
1373,JATIPULO,-6.18204863333333,106.800901316667,4d4b991257b2a1cd961be882,Hotel Bamboo Inn,-6.185783271782559,106.80062816388165,4bf58dd8d48988d1fa931735,Hotel,7.7
1374,JATIPULO,-6.18204863333333,106.800901316667,571f71f2498e559c4407a250,Lemonchillo,-6.178430232573004,106.80094323009911,4bf58dd8d48988d110941735,Italian Restaurant,7.3
1375,JATIPULO,-6.18204863333333,106.800901316667,4bf7b9838d30d13a836eff17,Dunkin' Donuts,-6.185300680589374,106.79867521892592,4bf58dd8d48988d148941735,Donut Shop,6.8
1376,JATIPULO,-6.18204863333333,106.800901316667,50be1294e4b044967354501a,Indomaret,-6.178309429755294,106.8019974775619,4d954b0ea243a5684a65b473,Convenience Store,6.2
1377,JATIPULO,-6.18204863333333,106.800901316667,51237bb1e4b05c0c28292a88,Indomaret Tomang,-6.178574953486271,106.80222061780269,50aaa5234b90af0d42d5de12,Hunting Supply,5.9
1378,JATIPULO,-6.18204863333333,106.800901316667,4ba23ce6f964a52002e637e3,Twin Plaza Hotel Jakarta,-6.182598025763698,106.7970909529338,4bf58dd8d48988d1fa931735,Hotel,5.8
1379,JATIPULO,-6.18204863333333,106.800901316667,55601ac7498e067cc325cef9,Saoenk Kito,-6.1793538381610595,106.80248139608582,52960eda3cf9994f4e043ac7,Javanese Restaurant,5.6
1380,JATIPULO,-6.18204863333333,106.800901316667,4c2461b3b7b8a5937d6c3ce8,Kantin belakang Harapan kita,-6.1844079190196455,106.79865040296613,4bf58dd8d48988d120951735,Food Court,0.0
1381,JATIPULO,-6.18204863333333,106.800901316667,4dfc1b0eaeb7594e861f216a,Baso Malang Oasis,-6.185284243057663,106.79883625286102,52960eda3cf9994f4e043acc,Indonesian Meatball Place,5.6
1382,TOMANG,-6.17499974658727,106.79998863265,4b713872f964a520083d2de3,Cheese Cake Factory,-6.176229268321347,106.80119819250936,4bf58dd8d48988d1d0941735,Dessert Shop,8.2
1383,TOMANG,-6.17499974658727,106.79998863265,4eb26bb5490126a570374443,Starbucks,-6.177413579249692,106.79955133658285,4bf58dd8d48988d1e0931735,Coffee Shop,8.9
1384,TOMANG,-6.17499974658727,106.79998863265,55950a59498e911af848619e,Rumah Buah,-6.17586230373788,106.80244088172913,52f2ab2ebcbc57f1066b8b1c,Fruit & Vegetable Store,9.0
1385,TOMANG,-6.17499974658727,106.79998863265,584babceef787f341525b3c7,Soto Betawi H. Mamat,-6.176221606207824,106.79923063860743,4bf58dd8d48988d1dd931735,Soup Place,7.9
1386,TOMANG,-6.17499974658727,106.79998863265,55ea9b9f498e6fb411d29a9b,Mlinjo Cafe & Resto,-6.177770988263737,106.80048092114903,52960eda3cf9994f4e043ac7,Javanese Restaurant,8.6
1387,TOMANG,-6.17499974658727,106.79998863265,5030f8f8e4b078fb5a3a87e8,Cheesecake Factory,-6.176150034957378,106.80109710687903,4bf58dd8d48988d1d0941735,Dessert Shop,7.6
1388,TOMANG,-6.17499974658727,106.79998863265,4bbd7dd9a8cf76b096e6b1fd,Tamani Cafe,-6.178271657230292,106.79843424523658,4bf58dd8d48988d14e941735,American Restaurant,8.0
1389,TOMANG,-6.17499974658727,106.79998863265,5828311627e8a32a79cddb6b,Guten Morgen - Coffee Lab & Shop,-6.1730181,106.7977892,4bf58dd8d48988d1e0931735,Coffee Shop,7.2
1390,TOMANG,-6.17499974658727,106.79998863265,571f71f2498e559c4407a250,Lemonchillo,-6.178430232573004,106.80094323009911,4bf58dd8d48988d110941735,Italian Restaurant,7.3
1391,TOMANG,-6.17499974658727,106.79998863265,54f3f57e498e2fcc7dcd42b6,Tawangmangu Terrace,-6.1750954401198825,106.80301716423809,4deefc054765f83613cdba6f,Indonesian Restaurant,7.1
1392,TOMANG,-6.17499974658727,106.79998863265,551e7b19498e8b3c454909af,Martabak Boss,-6.176158315077294,106.80167033425624,4bf58dd8d48988d1c7941735,Snack Place,6.6
1393,TOMANG,-6.17499974658727,106.79998863265,4d26df5ef7a9224b65f3e59f,Purwacaraka Music School and Studio,-6.174470714179052,106.79795494975714,4bf58dd8d48988d1e5931735,Music Venue,6.6
1394,TOMANG,-6.17499974658727,106.79998863265,56a0defc498ecd292c1e1923,Maxx Coffee Tomang,-6.175239871660925,106.8028109236986,4bf58dd8d48988d1e0931735,Coffee Shop,6.8
1395,TOMANG,-6.17499974658727,106.79998863265,4bf75ef7b182c9b614c0755a,"Bubur Ayam Bandung ""TOP 77""",-6.17515986587242,106.7983969260261,4bf58dd8d48988d1cb941735,Food Truck,6.4
1396,TOMANG,-6.17499974658727,106.79998863265,4ce0c3c60de52c0f00fea00c,BMW Tomang (PT. Tunas Mobilindo Parama),-6.177874043127181,106.79894410850999,4eb1c1623b7b52c0e1adc2ec,Auto Dealership,6.6
1397,TOMANG,-6.17499974658727,106.79998863265,4f0697b1e4b0cc066a4c2470,"Nasi Goreng Gila ""Satria Laras""",-6.17625696667736,106.79732859134673,4deefc054765f83613cdba6f,Indonesian Restaurant,6.5
1398,TOMANG,-6.17499974658727,106.79998863265,4d567d9e143ca093f1cdbbfc,X.O Suki & Cuisine,-6.178619335485285,106.79769966140043,4bf58dd8d48988d145941735,Chinese Restaurant,6.7
1399,TOMANG,-6.17499974658727,106.79998863265,4beb8a30a9900f47b2ff1740,Sentral Restaurant,-6.176995690855999,106.7998225196975,4bf58dd8d48988d145941735,Chinese Restaurant,6.1
1400,TOMANG,-6.17499974658727,106.79998863265,50be1294e4b044967354501a,Indomaret,-6.178309429755294,106.8019974775619,4d954b0ea243a5684a65b473,Convenience Store,6.2
1401,TOMANG,-6.17499974658727,106.79998863265,5482ea6b498e54a2984fd82b,Dapur Daun - Banana Leaf Cuisine,-6.175867626131405,106.80196790998409,4deefc054765f83613cdba6f,Indonesian Restaurant,5.7
1402,TOMANG,-6.17499974658727,106.79998863265,4be7e99baecb76b0969e5a80,Pet Depo - Pet Shop,-6.1758231665358965,106.7989064818769,4bf58dd8d48988d1e5941735,Dog Run,5.5
1403,TOMANG,-6.17499974658727,106.79998863265,4bee1ace4daaa593d9cc8f61,Bakmi Alot Aheng,-6.171795784117763,106.79839799285976,4bf58dd8d48988d1d1941735,Noodle House,5.9
1404,TOMANG,-6.17499974658727,106.79998863265,51237bb1e4b05c0c28292a88,Indomaret Tomang,-6.178574953486271,106.80222061780269,50aaa5234b90af0d42d5de12,Hunting Supply,5.9
1405,TOMANG,-6.17499974658727,106.79998863265,4bd19594046076b0ed047271,Indomie Abang Adek,-6.1708673347990555,106.79919768369848,4bf58dd8d48988d1d1941735,Noodle House,5.8
1406,GROGOL,-6.16500771821239,106.792633244873,4c31449909a99c74453f0b2a,Bakmi Acang,-6.165009242200759,106.79137602792542,4bf58dd8d48988d1d1941735,Noodle House,8.2
1407,GROGOL,-6.16500771821239,106.792633244873,57a2e6c7cd10ed172ecdc62f,Warunk Upnormal,-6.166030639420641,106.79415896135568,4bf58dd8d48988d16d941735,Café,7.9
1408,GROGOL,-6.16500771821239,106.792633244873,4ba5b909f964a520641e39e3,Bakmi Aloi,-6.162658654487163,106.79108901264827,4bf58dd8d48988d1d1941735,Noodle House,8.4
1409,GROGOL,-6.16500771821239,106.792633244873,4be27ca263609c746ac21bff,TwoDees Studio,-6.165423855452032,106.79442198416481,4bf58dd8d48988d1e5931735,Music Venue,7.6
1410,GROGOL,-6.16500771821239,106.792633244873,4c244288c9bbef3b4b33afac,Bakmie Keriting Siantar 36,-6.165403288065724,106.791395349703,4bf58dd8d48988d145941735,Chinese Restaurant,7.6
1411,GROGOL,-6.16500771821239,106.792633244873,4c3143fc09a99c74123f0b2a,Bakmi Acing,-6.164085,106.795364,4bf58dd8d48988d1d1941735,Noodle House,7.7
1412,GROGOL,-6.16500771821239,106.792633244873,4c0700f9cf8c76b045743b65,Bubur Ayam depan BCA,-6.164076056805446,106.79311430128828,4bf58dd8d48988d143941735,Breakfast Spot,7.2
1413,GROGOL,-6.16500771821239,106.792633244873,4d9721a92bd6f04d011b4750,Bakso Special Pak Diran,-6.1619251355041325,106.79451210376396,52960eda3cf9994f4e043acc,Indonesian Meatball Place,7.9
1414,GROGOL,-6.16500771821239,106.792633244873,4c7ba123df08a1cd92e9e05d,Pondok Es CendoL - Pondol,-6.164037923244133,106.7950565561464,4bf58dd8d48988d1c4941735,Restaurant,7.5
1415,GROGOL,-6.16500771821239,106.792633244873,4d76299304666ea88a2b45b6,Mie Ayam Uban,-6.1642084,106.79055,4bf58dd8d48988d1d1941735,Noodle House,7.2
1416,GROGOL,-6.16500771821239,106.792633244873,4dd7d6b6c65bee535abbac05,Angkringan SEGO KUCING,-6.1641193601951265,106.79380558644093,4d4b7105d754a06374d81259,Food,6.9
1417,GROGOL,-6.16500771821239,106.792633244873,4c8c6480509e370432683355,Mie Ahok (Dempo palembang),-6.164222,106.790695,4bf58dd8d48988d1d1941735,Noodle House,6.9
1418,GROGOL,-6.16500771821239,106.792633244873,4bf4912e370e76b0ab92bd4a,Depot Surabaya,-6.1643006133049845,106.79198781486694,4deefc054765f83613cdba6f,Indonesian Restaurant,6.8
1419,GROGOL,-6.16500771821239,106.792633244873,503cd4cae4b09e1668398b70,Ayam Goreng Tiga Rasa,-6.164275322587215,106.79229721745021,4d4ae6fc7a7b7dea34424761,Fried Chicken Joint,6.8
1420,GROGOL,-6.16500771821239,106.792633244873,53d228b1498ecc64d1653c9e,Hotel 88,-6.16601602517947,106.79093128067676,4bf58dd8d48988d1fa931735,Hotel,6.7
1421,GROGOL,-6.16500771821239,106.792633244873,4bed67ac3372c928fe8c1114,Pondok Safari,-6.162591929641607,106.79565461013671,4bf58dd8d48988d1d1941735,Noodle House,7.2
1422,GROGOL,-6.16500771821239,106.792633244873,51df8d89498e7437b923b1a1,Amaris Hotel,-6.165641474085002,106.79633659352683,4bf58dd8d48988d1fa931735,Hotel,7.1
1423,GROGOL,-6.16500771821239,106.792633244873,4bf4cc36706e20a1a9cca998,Playground FSRD Trisakti,-6.167638342790923,106.78971299685035,4bf58dd8d48988d1e7941735,Playground,7.1
1424,GROGOL,-6.16500771821239,106.792633244873,4eb32c5e2c5b531419597e77,Burket,-6.161827111436931,106.79171883850461,4bf58dd8d48988d1c7941735,Snack Place,6.8
1425,GROGOL,-6.16500771821239,106.792633244873,4eb1777a4690b9be42bce9df,Feodora Hotel,-6.165914467789385,106.78991468691974,4bf58dd8d48988d1fa931735,Hotel,6.6
1426,GROGOL,-6.16500771821239,106.792633244873,4cfa5ab1d7206ea87c5d3869,Grogol Food Centre,-6.16574530717695,106.79587634284485,4bf58dd8d48988d120951735,Food Court,6.6
1427,GROGOL,-6.16500771821239,106.792633244873,4cdd27bd6ad1a0939ea1f556,Rumah Makan Top Java,-6.164070627338319,106.79589249221874,4bf58dd8d48988d1c4941735,Restaurant,6.6
1428,GROGOL,-6.16500771821239,106.792633244873,5229c10911d2d67503b249e2,Depot Es Durian NAN SALERO,-6.164197564946736,106.79370634500688,4bf58dd8d48988d1d0941735,Dessert Shop,6.2
1429,GROGOL,-6.16500771821239,106.792633244873,4beff93e24f19c74c928f983,Waroenk Kito,-6.165598008478288,106.79135158681608,4bf58dd8d48988d142941735,Asian Restaurant,6.2
1430,GROGOL,-6.16500771821239,106.792633244873,4f176867e4b078805c459cee,Mie Ayam ACING,-6.164767137115704,106.79330841953758,4bf58dd8d48988d1d1941735,Noodle House,6.1
1431,GROGOL,-6.16500771821239,106.792633244873,4c05eaca517d0f473649f515,Saoenk Kito,-6.163982617109545,106.79423035167157,4bf58dd8d48988d1e1931735,Arcade,6.1
1432,GROGOL,-6.16500771821239,106.792633244873,4f99e4efe4b03f9cffb2ee76,Fakultas Teknologi Informasi (FTI) UNTAR,-6.168718037311971,106.79184699607879,4bf58dd8d48988d19f941735,College Technology Building,6.4
1433,GROGOL,-6.16500771821239,106.792633244873,4e6c260618381712d9c0021f,Bakmi Ayam Alok,-6.165171376805295,106.7967782561556,4bf58dd8d48988d1d1941735,Noodle House,6.4
1434,GROGOL,-6.16500771821239,106.792633244873,589ead1fe6160c5d3bf77ecf,PHX Foodcourt,-6.166030043306634,106.79199790087024,4bf58dd8d48988d120951735,Food Court,6.0
1435,GROGOL,-6.16500771821239,106.792633244873,557fedb3498e625dcfd2a9d3,Stasiun Grogol,-6.16213051154493,106.78935011106918,4bf58dd8d48988d129951735,Train Station,6.5
1436,GROGOL,-6.16500771821239,106.792633244873,4bd4f674637ba5930fd4f570,Bakmie Ahok Dempo Palembang,-6.164221095514501,106.79054907592872,4bf58dd8d48988d1d1941735,Noodle House,5.9
1437,GROGOL,-6.16500771821239,106.792633244873,4e7198cc8998183cced0128e,Fakultas Seni Rupa dan Desain (FSRD) UNTAR,-6.169062715810137,106.79189303605754,4bf58dd8d48988d199941735,College Arts Building,6.1
1438,GROGOL,-6.16500771821239,106.792633244873,4c10e2c55a43d13a55d3174b,Waroeng Steak & Shake,-6.165839857696868,106.79562301425045,4bf58dd8d48988d1cc941735,Steakhouse,5.6
1439,GROGOL,-6.16500771821239,106.792633244873,4be56fd4910020a1cfedd214,Apartemen Taman Gloria,-6.167215567334628,106.79541748055267,4d954b06a243a5684965b473,Residential Building (Apartment / Condo),5.6
1440,GROGOL,-6.16500771821239,106.792633244873,58beb02c375c4a3451118141,Coffee Toffee Grogol,-6.165642,106.796775,4bf58dd8d48988d1e0931735,Coffee Shop,0.0
1441,GROGOL,-6.16500771821239,106.792633244873,4f3a6006e4b060645283b716,Ra-Cha Mal Ciputra,-6.161122517336674,106.79063145301403,4bf58dd8d48988d149941735,Thai Restaurant,0.0
1442,JELAMBAR,-6.16840361625964,106.766187846985,5193b2432fc633b035191810,Koultoura Coffee,-6.169771132661439,106.76689380356011,4bf58dd8d48988d1e0931735,Coffee Shop,8.3
1443,JELAMBAR,-6.16840361625964,106.766187846985,4ed79525cc21a6423f7c7f18,Pizza Hut,-6.169865432190998,106.76661214840462,4bf58dd8d48988d1ca941735,Pizza Place,7.8
1444,JELAMBAR,-6.16840361625964,106.766187846985,545e13db498ed498c43d9f86,Tanjung Seafood,-6.17096346375084,106.76526112440091,4bf58dd8d48988d1ce941735,Seafood Restaurant,8.2
1445,JELAMBAR,-6.16840361625964,106.766187846985,4c1f4ec7b4e62d7f8066df93,Central Kitchen,-6.169831427161512,106.76814963876143,4bf58dd8d48988d145941735,Chinese Restaurant,7.9
1446,JELAMBAR,-6.16840361625964,106.766187846985,4c298ab7ed0ac9b65d0062aa,Eka Jaya,-6.1693141505990345,106.76473866023974,4bf58dd8d48988d145941735,Chinese Restaurant,7.5
1447,JELAMBAR,-6.16840361625964,106.766187846985,4d403e1100e8a35d6d35f9fa,Papa & Mama Pastries,-6.169563,106.769554,4bf58dd8d48988d16a941735,Bakery,7.9
1448,JELAMBAR,-6.16840361625964,106.766187846985,503b2c77e4b0d8ef57e69d20,Bakmi Ayam Alok,-6.169837670914747,106.76542135219461,4bf58dd8d48988d1d1941735,Noodle House,7.2
1449,JELAMBAR,-6.16840361625964,106.766187846985,4ebbc7bb7ee5cb25a59cd5bb,Raja Susu,-6.16586266844569,106.76461416665279,4bf58dd8d48988d118951735,Grocery Store,7.4
1450,JELAMBAR,-6.16840361625964,106.766187846985,509a4131e4b0742486cea1d2,Tsurukamedou,-6.169642814478577,106.76952715810452,4bf58dd8d48988d1d1941735,Noodle House,7.5
1451,JELAMBAR,-6.16840361625964,106.766187846985,4ee4d90ff790897ed0c6e559,Glow Salon and Permanent Hair Removal,-6.168224507806577,106.7620517405582,4bf58dd8d48988d1ed941735,Spa,7.7
1452,JELAMBAR,-6.16840361625964,106.766187846985,4c498c026594be9a33aa3725,Gerobak Betawi,-6.169959930186641,106.76658279235879,4bf58dd8d48988d1c7941735,Snack Place,6.7
1453,JELAMBAR,-6.16840361625964,106.766187846985,4bff53e5369476b065bb8d1f,Siauw A Tjiap,-6.169716264505667,106.76636564397617,4bf58dd8d48988d145941735,Chinese Restaurant,6.7
1454,JELAMBAR,-6.16840361625964,106.766187846985,5485992c498e3a15c85a237f,Burgerous,-6.1697163948755565,106.76892968912946,4bf58dd8d48988d16c941735,Burger Joint,7.0
1455,JELAMBAR,-6.16840361625964,106.766187846985,54c3566d498e05bbd6598e61,Mama Musi,-6.169921340874407,106.76691616687178,4deefc054765f83613cdba6f,Indonesian Restaurant,6.6
1456,JELAMBAR,-6.16840361625964,106.766187846985,4f8a554fe4b00a6262bde498,Indomaret,-6.166813332731577,106.76547040498028,4d954b0ea243a5684a65b473,Convenience Store,6.4
1457,JELAMBAR,-6.16840361625964,106.766187846985,5116277ee4b09b36988f0228,Golden Star,-6.169789874130244,106.76864035430778,4bf58dd8d48988d145941735,Chinese Restaurant,6.5
1458,JELAMBAR,-6.16840361625964,106.766187846985,527f0146498e49f6cea1c26d,Bakso Malang Nonik,-6.169753136785594,106.76900700080736,52960eda3cf9994f4e043acc,Indonesian Meatball Place,6.5
1459,JELAMBAR,-6.16840361625964,106.766187846985,4f96188de4b0d95a831497e5,Indomaret,-6.16924056651481,106.76439328966293,4d954b0ea243a5684a65b473,Convenience Store,6.2
1460,JELAMBAR,-6.16840361625964,106.766187846985,4c6f9aa3d7fab1f707f35bc9,"Sari Sanjaya ""Pempek Apy Plaju""",-6.169894324252955,106.7671564221382,4deefc054765f83613cdba6f,Indonesian Restaurant,6.2
1461,JELAMBAR,-6.16840361625964,106.766187846985,4bcb26ec0687ef3bb212ddcc,PHD,-6.165974301157633,106.76279246807098,4bf58dd8d48988d1ca941735,Pizza Place,6.6
1462,JELAMBAR,-6.16840361625964,106.766187846985,5843ae075a58693fa1abe538,Domino's Pizza,-6.165584126247494,106.76282776826432,4bf58dd8d48988d1ca941735,Pizza Place,6.7
1463,JELAMBAR,-6.16840361625964,106.766187846985,4e4bc88e7d8b6016b18c867b,Bakmi Ratu Dahlia,-6.168660579834284,106.76758401092135,4bf58dd8d48988d1d1941735,Noodle House,6.1
1464,JELAMBAR,-6.16840361625964,106.766187846985,508cf982e4b09898c825e784,Hawker Kopitiam,-6.169861707372872,106.76666463263358,4bf58dd8d48988d1e0931735,Coffee Shop,6.1
1465,JELAMBAR,-6.16840361625964,106.766187846985,4b5ea89bf964a5202e9529e3,McDonald's,-6.165683798127193,106.76305572679036,4bf58dd8d48988d16e941735,Fast Food Restaurant,6.5
1466,JELAMBAR,-6.16840361625964,106.766187846985,4d5be4e1e7f754815c501497,Nasi Goreng Gila,-6.169746184725574,106.76742880979262,4bf58dd8d48988d1cb941735,Food Truck,6.0
1467,JELAMBAR,-6.16840361625964,106.766187846985,51b0324a498ecd61edb07953,MOR,-6.166043853413752,106.76454123894835,4d954b0ea243a5684a65b473,Convenience Store,6.1
1468,JELAMBAR,-6.16840361625964,106.766187846985,4d97221d97d06ea8b55e130b,Gandy Steak House,-6.165815281423332,106.76301918999077,4bf58dd8d48988d1cc941735,Steakhouse,6.2
1469,JELAMBAR,-6.16840361625964,106.766187846985,4d3d52aa8edf3704fe7cb8a5,Inul Vizta,-6.16939882883488,106.76499107590848,4bf58dd8d48988d120941735,Karaoke Bar,5.8
1470,JELAMBAR,-6.16840361625964,106.766187846985,4fff3fcde4b03461217c0a0d,Indomaret,-6.172241999246643,106.76852321996915,4d954b0ea243a5684a65b473,Convenience Store,6.2
1471,JELAMBAR,-6.16840361625964,106.766187846985,510cf341e4b0faae2f9ccea4,Raizo Sushi Bar & Rooftop,-6.167188096006922,106.76497103814502,4bf58dd8d48988d111941735,Japanese Restaurant,5.6
1472,JELAMBAR,-6.16840361625964,106.766187846985,4cd37ae0d160b1f7db5124ab,Apotik Taman Cosmos,-6.16696176482851,106.76623648481544,4bf58dd8d48988d10f951735,Pharmacy,0.0
1473,JELAMBAR,-6.16840361625964,106.766187846985,4c26cedbf1272d7f405587c5,Rumah Makan Padang Jaya,-6.166705940749802,106.7654048508374,4bf58dd8d48988d1c4941735,Restaurant,0.0
1474,JELAMBAR,-6.16840361625964,106.766187846985,4c69dadf3bad2d7f9c11b1ee,Nasi Tim Pasar Pagi Muara Karang,-6.1695263233176645,106.7691171169281,4bf58dd8d48988d145941735,Chinese Restaurant,5.7
1475,JELAMBAR,-6.16840361625964,106.766187846985,4bc33604920eb71358151d2c,Nasi goreng PDI,-6.166769,106.767587,4bf58dd8d48988d156941735,Malay Restaurant,0.0
1476,JELAMBAR,-6.16840361625964,106.766187846985,4d04443426adb1f77eb3d170,Bakmi Asoei,-6.1664944192743825,106.76748641022527,4bf58dd8d48988d1d1941735,Noodle House,0.0
1477,JELAMBAR,-6.16840361625964,106.766187846985,4bbe1874f57ba5934eedaeb9,Bubur Bun Ong,-6.166653330917893,106.76323777015673,4bf58dd8d48988d1f5931735,Dim Sum Restaurant,5.6
1478,JELAMBAR,-6.16840361625964,106.766187846985,53536785498ea0a1b83292a6,AYAM PRESTO Ny.Nita,-6.16976665875857,106.77001157681747,4d4ae6fc7a7b7dea34424761,Fried Chicken Joint,5.7
1479,JELAMBAR,-6.16840361625964,106.766187846985,4e19452662e12640d87e1342,Bakmi Permata,-6.1661869973336625,106.76319800805666,4bf58dd8d48988d1d1941735,Noodle House,5.6
1480,JELAMBAR,-6.16840361625964,106.766187846985,4f3c6887e4b08f6e57c8ce5d,Providentia School Canteen,-6.1646798554262245,106.7676016110426,4bf58dd8d48988d120951735,Food Court,0.0
1481,JELAMBAR BARU,-6.16840361625964,106.766187846985,5193b2432fc633b035191810,Koultoura Coffee,-6.169771132661439,106.76689380356011,4bf58dd8d48988d1e0931735,Coffee Shop,8.3
1482,JELAMBAR BARU,-6.16840361625964,106.766187846985,4ed79525cc21a6423f7c7f18,Pizza Hut,-6.169865432190998,106.76661214840462,4bf58dd8d48988d1ca941735,Pizza Place,7.8
1483,JELAMBAR BARU,-6.16840361625964,106.766187846985,545e13db498ed498c43d9f86,Tanjung Seafood,-6.17096346375084,106.76526112440091,4bf58dd8d48988d1ce941735,Seafood Restaurant,8.2
1484,JELAMBAR BARU,-6.16840361625964,106.766187846985,4c1f4ec7b4e62d7f8066df93,Central Kitchen,-6.169831427161512,106.76814963876143,4bf58dd8d48988d145941735,Chinese Restaurant,7.9
1485,JELAMBAR BARU,-6.16840361625964,106.766187846985,4c298ab7ed0ac9b65d0062aa,Eka Jaya,-6.1693141505990345,106.76473866023974,4bf58dd8d48988d145941735,Chinese Restaurant,7.5
1486,JELAMBAR BARU,-6.16840361625964,106.766187846985,4d403e1100e8a35d6d35f9fa,Papa & Mama Pastries,-6.169563,106.769554,4bf58dd8d48988d16a941735,Bakery,7.9
1487,JELAMBAR BARU,-6.16840361625964,106.766187846985,503b2c77e4b0d8ef57e69d20,Bakmi Ayam Alok,-6.169837670914747,106.76542135219461,4bf58dd8d48988d1d1941735,Noodle House,7.2
1488,JELAMBAR BARU,-6.16840361625964,106.766187846985,4ebbc7bb7ee5cb25a59cd5bb,Raja Susu,-6.16586266844569,106.76461416665279,4bf58dd8d48988d118951735,Grocery Store,7.4
1489,JELAMBAR BARU,-6.16840361625964,106.766187846985,509a4131e4b0742486cea1d2,Tsurukamedou,-6.169642814478577,106.76952715810452,4bf58dd8d48988d1d1941735,Noodle House,7.5
1490,JELAMBAR BARU,-6.16840361625964,106.766187846985,4ee4d90ff790897ed0c6e559,Glow Salon and Permanent Hair Removal,-6.168224507806577,106.7620517405582,4bf58dd8d48988d1ed941735,Spa,7.7
1491,JELAMBAR BARU,-6.16840361625964,106.766187846985,4c498c026594be9a33aa3725,Gerobak Betawi,-6.169959930186641,106.76658279235879,4bf58dd8d48988d1c7941735,Snack Place,6.7
1492,JELAMBAR BARU,-6.16840361625964,106.766187846985,4bff53e5369476b065bb8d1f,Siauw A Tjiap,-6.169716264505667,106.76636564397617,4bf58dd8d48988d145941735,Chinese Restaurant,6.7
1493,JELAMBAR BARU,-6.16840361625964,106.766187846985,5485992c498e3a15c85a237f,Burgerous,-6.1697163948755565,106.76892968912946,4bf58dd8d48988d16c941735,Burger Joint,7.0
1494,JELAMBAR BARU,-6.16840361625964,106.766187846985,54c3566d498e05bbd6598e61,Mama Musi,-6.169921340874407,106.76691616687178,4deefc054765f83613cdba6f,Indonesian Restaurant,6.6
1495,JELAMBAR BARU,-6.16840361625964,106.766187846985,4f8a554fe4b00a6262bde498,Indomaret,-6.166813332731577,106.76547040498028,4d954b0ea243a5684a65b473,Convenience Store,6.4
1496,JELAMBAR BARU,-6.16840361625964,106.766187846985,5116277ee4b09b36988f0228,Golden Star,-6.169789874130244,106.76864035430778,4bf58dd8d48988d145941735,Chinese Restaurant,6.5
1497,JELAMBAR BARU,-6.16840361625964,106.766187846985,527f0146498e49f6cea1c26d,Bakso Malang Nonik,-6.169753136785594,106.76900700080736,52960eda3cf9994f4e043acc,Indonesian Meatball Place,6.5
1498,JELAMBAR BARU,-6.16840361625964,106.766187846985,4f96188de4b0d95a831497e5,Indomaret,-6.16924056651481,106.76439328966293,4d954b0ea243a5684a65b473,Convenience Store,6.2
1499,JELAMBAR BARU,-6.16840361625964,106.766187846985,4c6f9aa3d7fab1f707f35bc9,"Sari Sanjaya ""Pempek Apy Plaju""",-6.169894324252955,106.7671564221382,4deefc054765f83613cdba6f,Indonesian Restaurant,6.2
